Bill_ID,Date,Store,Product,Category,Units_Sold,MRP,Cost_Price,Discount_Percent,Payment_Mode,Customer_Type,Returned,Customer_Rating
B12834,11-01-2025,Nesari,Shampoo Bottle,Personal Care,3,185,111.0,6,Card,New,No,4
B11838,17-10-2025,Nesari,Milk Pouch 500ml,Dairy,3,27,24.57,6,Card,New,No,3
B11004,27-09-2025,Nesari,Milk Pouch 500ml,Dairy,4,27,24.57,1,Cash,Returning,No,3
B10141,02-12-2025,Chandgad,Toothpaste,Personal Care,3,98,61.74,0,Cash,Returning,No,5
B10399,24-08-2025,Gadhinglaj,Milk Pouch 500ml,Dairy,7,27,24.57,5,UPI,New,No,4
B11873,17-08-2025,Ajara,Hair Oil 200ml,Personal Care,3,135,82.35,11,Cash,Returning,No,3
B10602,11-07-2025,Gadhinglaj,Detergent Powder 1kg,Household,5,130,94.9,5,Cash,New,No,5
B12435,25-11-2025,Gadhinglaj,Chocolate Bar,Snacks,7,45,33.3,5,UPI,New,No,5
B11924,17-01-2025,Gadhinglaj,Tea Powder 250g,Beverages,1,135,108.0,0,UPI,New,No,5
B10406,14-12-2025,Ajara,Cooking Oil 1L,Staples,4,145,133.4,21,Cash,Returning,No,3
B12965,08-05-2025,Gadhinglaj,Hair Oil 200ml,Personal Care,1,135,82.35,0,UPI,Returning,No,5
B11928,03-06-2025,Nesari,Butter 100g,Dairy,8,58,52.2,1,Cash,New,No,5
B10059,06-11-2025,Gadhinglaj,Curd 400g,Dairy,9,32,28.8,5,UPI,Returning,No,5
B12872,03-07-2025,Gadhinglaj,Tur Dal 1kg,Staples,3,155,130.2,5,UPI,Returning,No,5
B10625,04-03-2025,Gadhinglaj,Wafers 100g,Snacks,1,40,30.8,5,Cash,Returning,No,5
B10736,09-11-2025,Gadhinglaj,Biscuit Pack,Snacks,8,30,23.4,5,UPI,New,No,5
B11555,24-01-2025,Gadhinglaj,Sugar 1kg,Staples,2,46,40.48,0,UPI,Returning,No,5
B10268,26-04-2025,Chandgad,Shampoo Bottle,Personal Care,5,185,111.0,0,UPI,Returning,No,4
B10243,25-02-2025,Chandgad,Cooking Oil 1L,Staples,3,145,133.4,10,UPI,Returning,No,3
B11721,24-12-2025,Gadhinglaj,Biscuit Pack,Snacks,5,30,23.4,15,UPI,Returning,No,5
B11672,30-05-2025,Nesari,Milk Pouch 500ml,Dairy,6,27,24.57,16,Card,Returning,No,4
B12852,04-01-2025,Ajara,Shampoo Bottle,Personal Care,3,185,111.0,6,UPI,Returning,No,4
B11130,15-08-2025,Chandgad,Detergent Powder 1kg,Household,4,130,94.9,5,Cash,Returning,Yes,5
B11661,02-04-2025,Gadhinglaj,Cooking Oil 1L,Staples,5,145,133.4,20,Cash,New,No,5
B12065,09-01-2025,Gadhinglaj,Butter 100g,Dairy,8,58,52.2,5,UPI,New,No,5
B11849,02-09-2025,Gadhinglaj,Rice 10kg,Staples,1,620,533.2,0,UPI,Returning,No,5
B10622,05-11-2025,Nesari,Instant Coffee 50g,Beverages,3,195,150.15,16,UPI,Returning,No,5
B11268,05-02-2025,Chandgad,Toothpaste,Personal Care,2,98,61.74,0,UPI,Returning,No,4
B11572,22-02-2025,Nesari,Instant Coffee 50g,Beverages,3,195,150.15,1,UPI,Returning,No,4
B12434,18-02-2025,Ajara,Instant Coffee 50g,Beverages,1,195,150.15,21,UPI,New,No,3
B10754,26-03-2025,Chandgad,Toothpaste,Personal Care,3,98,61.74,0,Card,Returning,Yes,4
B11125,28-04-2025,Gadhinglaj,Biscuit Pack,Snacks,2,30,23.4,0,UPI,New,No,4
B11872,31-08-2025,Chandgad,Tea Powder 250g,Beverages,5,135,108.0,0,Cash,Returning,No,4
B11586,22-06-2025,Gadhinglaj,Wheat Flour 5kg,Staples,1,210,178.5,0,UPI,New,No,5
B10460,01-12-2025,Nesari,Cooking Oil 1L,Staples,5,145,133.4,26,UPI,Returning,No,3
B11041,18-10-2025,Chandgad,Soft Drink 750ml,Beverages,5,45,35.55,0,UPI,Returning,No,3
B12263,26-01-2025,Gadhinglaj,Milk Pouch 500ml,Dairy,4,27,24.57,5,UPI,New,No,5
B12136,05-04-2025,Ajara,Milk Pouch 500ml,Dairy,3,27,24.57,21,Cash,Returning,No,3
B12337,18-01-2025,Gadhinglaj,Biscuit Pack,Snacks,11,30,23.4,0,UPI,New,No,4
B10597,03-05-2025,Gadhinglaj,Chocolate Bar,Snacks,1,45,33.3,5,UPI,New,No,5
B12304,27-01-2025,Ajara,Curd 400g,Dairy,1,32,28.8,6,Card,Returning,No,4
B12988,06-02-2025,Gadhinglaj,Detergent Powder 1kg,Household,5,130,94.9,15,Card,Returning,No,4
B10950,16-03-2025,Chandgad,Milk Pouch 500ml,Dairy,7,27,24.57,0,Cash,Returning,No,4
B11982,16-09-2025,Gadhinglaj,Soft Drink 750ml,Beverages,6,45,35.55,5,UPI,New,No,5
B10321,12-02-2025,Nesari,Curd 400g,Dairy,8,32,28.8,1,Cash,Returning,No,5
B12589,15-02-2025,Ajara,Sugar 1kg,Staples,3,46,40.48,6,UPI,Returning,No,4
B12991,07-05-2025,Chandgad,Cooking Oil 1L,Staples,4,145,133.4,20,UPI,New,No,5
B12579,12-09-2025,Chandgad,Wheat Flour 5kg,Staples,3,210,178.5,15,Cash,New,No,4
B10111,15-10-2025,Ajara,Butter 100g,Dairy,4,58,52.2,11,UPI,New,No,4
B10738,08-11-2025,Chandgad,Tea Powder 250g,Beverages,2,135,108.0,0,Cash,New,No,5
B11610,19-03-2025,Nesari,Namkeen 200g,Snacks,2,55,41.8,1,Card,New,No,4
B11264,31-07-2025,Gadhinglaj,Milk Pouch 500ml,Dairy,7,27,24.57,0,UPI,Returning,No,5
B11147,18-10-2025,Nesari,Toothpaste,Personal Care,6,98,61.74,6,Card,Returning,No,5
B11039,03-11-2025,Ajara,Tea Powder 250g,Beverages,2,135,108.0,11,Card,Returning,No,4
B10204,05-03-2025,Ajara,Chocolate Bar,Snacks,4,45,33.3,11,Cash,New,No,3
B10195,20-03-2025,Nesari,Detergent Powder 1kg,Household,1,130,94.9,11,Cash,Returning,No,5
B10690,23-01-2025,Ajara,Soft Drink 750ml,Beverages,6,45,35.55,6,UPI,New,No,4
B11428,15-02-2025,Nesari,Butter 100g,Dairy,6,58,52.2,1,Card,New,No,4
B11183,30-04-2025,Gadhinglaj,Wheat Flour 5kg,Staples,4,210,178.5,15,Card,Returning,No,5
B11714,06-06-2025,Gadhinglaj,Paneer 200g,Dairy,8,95,84.55,0,UPI,New,No,5
B10850,03-03-2025,Nesari,Milk Pouch 500ml,Dairy,8,27,24.57,1,UPI,Returning,No,4
B10217,14-05-2025,Nesari,Milk Pouch 500ml,Dairy,4,27,24.57,1,Cash,Returning,No,5
B10603,02-11-2025,Gadhinglaj,Toothpaste,Personal Care,9,98,61.74,0,UPI,Returning,No,5
B11026,27-09-2025,Gadhinglaj,Butter 100g,Dairy,8,58,52.2,0,UPI,Returning,No,5
B10064,17-11-2025,Chandgad,Detergent Powder 1kg,Household,1,130,94.9,0,Cash,New,No,5
B11280,02-10-2025,Gadhinglaj,Paneer 200g,Dairy,7,95,84.55,15,UPI,Returning,No,5
B11387,18-09-2025,Gadhinglaj,Broom,Household,1,95,66.5,10,Card,Returning,No,5
B11912,02-01-2025,Ajara,Milk Pouch 500ml,Dairy,5,27,24.57,16,Cash,New,No,3
B12678,26-08-2025,Chandgad,Paneer 200g,Dairy,6,95,84.55,10,UPI,New,No,4
B10580,22-11-2025,Nesari,Milk Pouch 500ml,Dairy,2,27,24.57,16,Card,New,No,5
B12127,20-04-2025,Ajara,Shampoo Bottle,Personal Care,3,185,111.0,11,Cash,New,No,2
B12855,21-05-2025,Ajara,Detergent Powder 1kg,Household,1,130,94.9,21,Cash,Returning,No,3
B10053,23-02-2025,Chandgad,Curd 400g,Dairy,7,32,28.8,5,Cash,Returning,No,4
B12545,27-05-2025,Gadhinglaj,Chocolate Bar,Snacks,5,45,33.3,0,Cash,Returning,No,5
B12609,19-04-2025,Gadhinglaj,Soft Drink 750ml,Beverages,4,45,35.55,5,Cash,New,No,5
B12915,14-09-2025,Gadhinglaj,Paneer 200g,Dairy,4,95,84.55,5,Cash,Returning,No,5
B11805,11-08-2025,Gadhinglaj,Tur Dal 1kg,Staples,6,155,130.2,0,UPI,Returning,No,5
B10411,20-10-2025,Gadhinglaj,Chocolate Bar,Snacks,7,45,33.3,0,Cash,Returning,No,5
B11824,07-07-2025,Nesari,Face Cream,Personal Care,2,165,102.3,6,Card,New,No,3
B12413,26-02-2025,Chandgad,Tea Powder 250g,Beverages,1,135,108.0,0,UPI,Returning,No,3
B10627,07-10-2025,Gadhinglaj,Biscuit Pack,Snacks,6,30,23.4,0,UPI,Returning,No,5
B11457,18-11-2025,Ajara,Instant Coffee 50g,Beverages,1,195,150.15,6,UPI,Returning,No,2
B12586,07-08-2025,Chandgad,Wafers 100g,Snacks,2,40,30.8,5,UPI,Returning,No,4
B11080,29-01-2025,Chandgad,Broom,Household,7,95,66.5,0,Cash,New,No,5
B10456,06-01-2025,Gadhinglaj,Curd 400g,Dairy,7,32,28.8,0,UPI,Returning,No,5
B12063,18-03-2025,Nesari,Sugar 1kg,Staples,3,46,40.48,6,Cash,New,No,4
B10214,25-12-2025,Gadhinglaj,Cooking Oil 1L,Staples,3,145,133.4,10,Cash,Returning,No,5
B10993,27-12-2025,Nesari,Butter 100g,Dairy,3,58,52.2,11,UPI,New,No,5
B12395,14-11-2025,Ajara,Curd 400g,Dairy,2,32,28.8,6,UPI,Returning,No,4
B12831,24-08-2025,Nesari,Toothpaste,Personal Care,1,98,61.74,6,Cash,New,No,3
B10470,30-05-2025,Ajara,Bathing Soap,Personal Care,5,42,26.88,6,Card,Returning,No,3
B10534,20-11-2025,Nesari,Sugar 1kg,Staples,7,46,40.48,6,Cash,Returning,No,4
B10934,03-03-2025,Chandgad,Sugar 1kg,Staples,5,46,40.48,0,Cash,Returning,No,5
B11802,31-07-2025,Gadhinglaj,Curd 400g,Dairy,2,32,28.8,15,UPI,Returning,No,5
B11891,21-08-2025,Chandgad,Detergent Powder 1kg,Household,4,130,94.9,0,Card,New,No,5
B11933,13-12-2025,Chandgad,Wheat Flour 5kg,Staples,5,210,178.5,0,UPI,New,No,5
B10631,27-12-2025,Chandgad,Tur Dal 1kg,Staples,2,155,130.2,0,Card,Returning,No,3
B10946,05-09-2025,Gadhinglaj,Tur Dal 1kg,Staples,3,155,130.2,15,Cash,Returning,No,5
B12193,26-08-2025,Chandgad,Wafers 100g,Snacks,4,40,30.8,0,UPI,Returning,No,5
B12897,29-04-2025,Chandgad,Butter 100g,Dairy,4,58,52.2,5,Card,Returning,No,5
B11866,24-12-2025,Ajara,Soft Drink 750ml,Beverages,1,45,35.55,21,UPI,New,No,3
B10397,27-01-2025,Ajara,Hair Oil 200ml,Personal Care,2,135,82.35,6,UPI,Returning,No,2
B11195,25-02-2025,Gadhinglaj,Soft Drink 750ml,Beverages,2,45,35.55,5,UPI,New,No,4
B10061,27-03-2025,Chandgad,Dishwash Bar,Household,2,28,19.88,10,UPI,Returning,No,3
B12058,05-09-2025,Chandgad,Biscuit Pack,Snacks,9,30,23.4,0,UPI,Returning,No,4
B10957,15-03-2025,Gadhinglaj,Milk Pouch 500ml,Dairy,11,27,24.57,0,Card,Returning,No,5
B11045,17-12-2025,Nesari,Shampoo Bottle,Personal Care,2,185,111.0,1,Card,New,No,4
B12254,28-02-2025,Nesari,Phenyl 500ml,Household,6,72,51.84,6,UPI,Returning,No,5
B10363,20-10-2025,Chandgad,Chocolate Bar,Snacks,2,45,33.3,5,Cash,Returning,Yes,5
B12457,02-07-2025,Gadhinglaj,Curd 400g,Dairy,7,32,28.8,15,UPI,New,No,5
B12675,05-07-2025,Chandgad,Wheat Flour 5kg,Staples,2,210,178.5,0,Card,Returning,No,5
B11958,03-05-2025,Gadhinglaj,Tur Dal 1kg,Staples,6,155,130.2,5,UPI,New,No,5
B12148,04-10-2025,Nesari,Detergent Powder 1kg,Household,2,130,94.9,6,UPI,Returning,No,5
B12005,06-11-2025,Gadhinglaj,Curd 400g,Dairy,10,32,28.8,5,UPI,Returning,No,5
B12941,21-06-2025,Nesari,Bathing Soap,Personal Care,7,42,26.88,1,Cash,Returning,No,5
B11809,19-09-2025,Gadhinglaj,Biscuit Pack,Snacks,9,30,23.4,0,Card,New,No,5
B12647,11-09-2025,Nesari,Tur Dal 1kg,Staples,4,155,130.2,1,Card,New,No,5
B10118,02-05-2025,Gadhinglaj,Wheat Flour 5kg,Staples,5,210,178.5,5,Card,Returning,Yes,5
B10878,27-06-2025,Gadhinglaj,Soft Drink 750ml,Beverages,4,45,35.55,5,Cash,Returning,No,5
B11321,21-03-2025,Ajara,Milk Pouch 500ml,Dairy,1,27,24.57,11,UPI,Returning,No,4
B10346,11-09-2025,Gadhinglaj,Butter 100g,Dairy,2,58,52.2,5,Cash,New,No,5
B12048,24-10-2025,Chandgad,Wheat Flour 5kg,Staples,1,210,178.5,5,Cash,Returning,No,5
B12139,19-08-2025,Chandgad,Hair Oil 200ml,Personal Care,2,135,82.35,0,Card,Returning,No,5
B11949,10-01-2025,Ajara,Chocolate Bar,Snacks,1,45,33.3,6,UPI,New,No,3
B12782,03-07-2025,Chandgad,Butter 100g,Dairy,8,58,52.2,10,Card,New,No,4
B11685,05-06-2025,Chandgad,Dishwash Bar,Household,5,28,19.88,0,UPI,Returning,No,5
B12433,27-10-2025,Chandgad,Soft Drink 750ml,Beverages,6,45,35.55,0,UPI,Returning,No,5
B10137,24-09-2025,Gadhinglaj,Curd 400g,Dairy,6,32,28.8,5,UPI,Returning,No,5
B10774,22-10-2025,Nesari,Dishwash Bar,Household,9,28,19.88,1,UPI,Returning,No,4
B11104,21-02-2025,Gadhinglaj,Cooking Oil 1L,Staples,3,145,133.4,20,Card,Returning,No,5
B11392,11-10-2025,Gadhinglaj,Tea Powder 250g,Beverages,6,135,108.0,5,UPI,New,No,5
B10149,26-05-2025,Ajara,Dishwash Bar,Household,4,28,19.88,21,Cash,Returning,No,4
B10433,25-11-2025,Gadhinglaj,Tur Dal 1kg,Staples,1,155,130.2,15,UPI,Returning,No,4
B11465,02-12-2025,Gadhinglaj,Cooking Oil 1L,Staples,2,145,133.4,20,UPI,Returning,No,5
B11502,03-10-2025,Gadhinglaj,Toothpaste,Personal Care,9,98,61.74,5,Card,Returning,No,5
B10751,13-11-2025,Ajara,Curd 400g,Dairy,5,32,28.8,6,UPI,Returning,No,4
B11416,14-12-2025,Chandgad,Tea Powder 250g,Beverages,3,135,108.0,0,Cash,Returning,No,5
B12278,29-04-2025,Gadhinglaj,Milk Pouch 500ml,Dairy,9,27,24.57,10,Cash,Returning,No,5
B10717,01-09-2025,Gadhinglaj,Wafers 100g,Snacks,5,40,30.8,5,UPI,New,No,4
B10048,28-08-2025,Nesari,Tur Dal 1kg,Staples,2,155,130.2,1,UPI,New,No,4
B10124,13-07-2025,Gadhinglaj,Curd 400g,Dairy,8,32,28.8,0,UPI,Returning,No,5
B11126,22-11-2025,Gadhinglaj,Chocolate Bar,Snacks,1,45,33.3,0,Card,Returning,No,5
B11202,18-11-2025,Ajara,Soft Drink 750ml,Beverages,4,45,35.55,6,Cash,New,No,4
B12771,26-05-2025,Gadhinglaj,Chocolate Bar,Snacks,1,45,33.3,10,UPI,New,No,5
B12641,18-04-2025,Chandgad,Chocolate Bar,Snacks,3,45,33.3,0,Card,New,No,5
B12645,22-04-2025,Gadhinglaj,Biscuit Pack,Snacks,8,30,23.4,10,Card,Returning,No,4
B12294,10-04-2025,Chandgad,Cooking Oil 1L,Staples,3,145,133.4,20,UPI,Returning,No,4
B10201,22-05-2025,Nesari,Butter 100g,Dairy,8,58,52.2,1,UPI,Returning,No,5
B10591,23-04-2025,Gadhinglaj,Cooking Oil 1L,Staples,4,145,133.4,15,UPI,Returning,No,5
B11073,21-02-2025,Nesari,Rice 10kg,Staples,3,620,533.2,16,UPI,Returning,No,4
B11356,11-03-2025,Gadhinglaj,Phenyl 500ml,Household,9,72,51.84,15,UPI,Returning,No,5
B10429,25-11-2025,Nesari,Milk Pouch 500ml,Dairy,3,27,24.57,1,Cash,Returning,No,4
B12155,01-04-2025,Nesari,Face Cream,Personal Care,4,165,102.3,1,Cash,New,No,2
B12499,17-04-2025,Gadhinglaj,Curd 400g,Dairy,9,32,28.8,10,Card,Returning,No,4
B12134,09-11-2025,Gadhinglaj,Instant Coffee 50g,Beverages,7,195,150.15,15,UPI,Returning,No,5
B11441,18-09-2025,Gadhinglaj,Detergent Powder 1kg,Household,1,130,94.9,5,Card,Returning,No,5
B11862,30-09-2025,Chandgad,Milk Pouch 500ml,Dairy,8,27,24.57,5,UPI,Returning,No,5
B10308,20-09-2025,Gadhinglaj,Milk Pouch 500ml,Dairy,8,27,24.57,0,Cash,New,No,4
B12008,21-02-2025,Nesari,Tur Dal 1kg,Staples,1,155,130.2,6,UPI,Returning,No,5
B12856,04-09-2025,Gadhinglaj,Instant Coffee 50g,Beverages,5,195,150.15,10,Cash,Returning,Yes,5
B10235,04-03-2025,Nesari,Tea Powder 250g,Beverages,2,135,108.0,1,UPI,Returning,No,5
B12546,11-06-2025,Chandgad,Milk Pouch 500ml,Dairy,1,27,24.57,0,Cash,Returning,No,3
B12428,19-06-2025,Gadhinglaj,Chocolate Bar,Snacks,9,45,33.3,0,UPI,Returning,No,
B11832,02-03-2025,Chandgad,Biscuit Pack,Snacks,2,30,23.4,15,Cash,Returning,No,4
B11810,23-09-2025,Nesari,Tea Powder 250g,Beverages,2,135,108.0,1,UPI,Returning,No,3
B11303,04-07-2025,Chandgad,Milk Pouch 500ml,Dairy,7,27,24.57,0,Cash,Returning,No,4
B11578,20-09-2025,Nesari,Toothpaste,Personal Care,9,98,61.74,1,Cash,Returning,No,3
B10566,09-04-2025,Nesari,Milk Pouch 500ml,Dairy,8,27,24.57,1,Cash,New,No,3
B10649,05-03-2025,Nesari,Biscuit Pack,Snacks,6,30,23.4,1,Cash,New,No,5
B10680,07-12-2025,Nesari,Tea Powder 250g,Beverages,2,135,108.0,1,Card,Returning,No,5
B10218,10-05-2025,Gadhinglaj,Namkeen 200g,Snacks,7,55,41.8,15,Card,New,No,5
B12971,30-11-2025,Gadhinglaj,Broom,Household,1,95,66.5,5,Cash,Returning,No,5
B10131,16-07-2025,Gadhinglaj,Biscuit Pack,Snacks,6,30,23.4,5,UPI,Returning,No,5
B12463,11-07-2025,Gadhinglaj,Biscuit Pack,Snacks,2,30,23.4,0,UPI,New,No,5
B10029,07-05-2025,Chandgad,Phenyl 500ml,Household,5,72,51.84,5,Cash,Returning,No,5
B10365,25-07-2025,Gadhinglaj,Dishwash Bar,Household,2,28,19.88,10,Card,Returning,No,4
B10454,08-03-2025,Chandgad,Milk Pouch 500ml,Dairy,8,27,24.57,0,Cash,Returning,No,4
B12858,23-04-2025,Nesari,Namkeen 200g,Snacks,6,55,41.8,1,Cash,Returning,No,3
B10128,01-09-2025,Chandgad,Cooking Oil 1L,Staples,4,145,133.4,15,Cash,New,No,4
B11407,16-02-2025,Ajara,Chocolate Bar,Snacks,7,45,33.3,11,UPI,Returning,No,3
B10718,05-12-2025,Gadhinglaj,Biscuit Pack,Snacks,3,30,23.4,0,Card,New,No,5
B10567,05-08-2025,Nesari,Hair Oil 200ml,Personal Care,3,135,82.35,6,UPI,New,No,5
B11201,25-12-2025,Ajara,Milk Pouch 500ml,Dairy,1,27,24.57,16,Card,Returning,No,3
B12476,26-11-2025,Chandgad,Biscuit Pack,Snacks,2,30,23.4,5,UPI,Returning,No,5
B12132,09-10-2025,Gadhinglaj,Curd 400g,Dairy,3,32,28.8,0,UPI,New,No,5
B10269,11-08-2025,Gadhinglaj,Chocolate Bar,Snacks,2,45,33.3,0,Card,Returning,No,5
B12249,20-04-2025,Nesari,Tur Dal 1kg,Staples,1,155,130.2,6,UPI,New,No,4
B11368,12-04-2025,Nesari,Bathing Soap,Personal Care,8,42,26.88,1,UPI,Returning,No,3
B10120,24-08-2025,Gadhinglaj,Bathing Soap,Personal Care,11,42,26.88,0,Cash,Returning,No,5
B12206,08-04-2025,Nesari,Bathing Soap,Personal Care,5,42,26.88,1,Cash,Returning,No,5
B12022,09-10-2025,Gadhinglaj,Curd 400g,Dairy,5,32,28.8,15,UPI,New,No,5
B12861,21-09-2025,Gadhinglaj,Milk Pouch 500ml,Dairy,8,27,24.57,0,UPI,New,No,4
B10270,15-01-2025,Gadhinglaj,Dishwash Bar,Household,5,28,19.88,5,UPI,New,No,5
B12899,19-06-2025,Gadhinglaj,Toothpaste,Personal Care,2,98,61.74,0,UPI,New,No,4
B12890,23-07-2025,Nesari,Rice 10kg,Staples,2,620,533.2,1,Card,Returning,No,4
B12705,23-07-2025,Nesari,Shampoo Bottle,Personal Care,2,185,111.0,1,Card,New,No,5
B10040,22-10-2025,Chandgad,Dishwash Bar,Household,4,28,19.88,5,Cash,New,No,5
B10430,02-02-2025,Nesari,Soft Drink 750ml,Beverages,9,45,35.55,6,UPI,New,No,5
B10444,05-03-2025,Ajara,Broom,Household,6,95,66.5,16,Cash,New,No,4
B12279,01-09-2025,Gadhinglaj,Toothpaste,Personal Care,8,98,61.74,5,Cash,Returning,No,5
B11623,06-08-2025,Ajara,Tea Powder 250g,Beverages,2,135,108.0,6,Cash,New,No,3
B10601,29-04-2025,Gadhinglaj,Tea Powder 250g,Beverages,2,135,108.0,5,Card,Returning,No,5
B12693,05-12-2025,Gadhinglaj,Biscuit Pack,Snacks,2,30,23.4,5,UPI,Returning,No,5
B10183,19-09-2025,Ajara,Paneer 200g,Dairy,2,95,84.55,16,Cash,New,No,3
B12691,14-04-2025,Ajara,Phenyl 500ml,Household,2,72,51.84,16,Cash,New,No,3
B10855,22-07-2025,Gadhinglaj,Phenyl 500ml,Household,9,72,51.84,15,UPI,Returning,No,5
B10553,24-10-2025,Chandgad,Namkeen 200g,Snacks,5,55,41.8,15,Cash,Returning,No,4
B12481,17-06-2025,Gadhinglaj,Tea Powder 250g,Beverages,1,135,108.0,0,Card,Returning,Yes,5
B11426,05-12-2025,Gadhinglaj,Shampoo Bottle,Personal Care,2,185,111.0,0,UPI,New,No,5
B12966,18-11-2025,Gadhinglaj,Bathing Soap,Personal Care,4,42,26.88,5,UPI,Returning,No,5
B11025,17-06-2025,Ajara,Biscuit Pack,Snacks,3,30,23.4,21,Card,New,No,4
B12972,14-03-2025,Ajara,Paneer 200g,Dairy,5,95,84.55,21,UPI,New,No,4
B11279,20-09-2025,Nesari,Namkeen 200g,Snacks,6,55,41.8,1,Cash,Returning,No,5
B10833,11-10-2025,Ajara,Namkeen 200g,Snacks,3,55,41.8,11,Cash,New,No,2
B10791,30-06-2025,Gadhinglaj,Biscuit Pack,Snacks,9,30,23.4,10,UPI,New,No,5
B10990,27-03-2025,Gadhinglaj,Curd 400g,Dairy,8,32,28.8,10,Cash,Returning,No,5
B10263,12-04-2025,Nesari,Face Cream,Personal Care,3,165,102.3,6,Card,Returning,No,2
B11238,20-10-2025,Ajara,Shampoo Bottle,Personal Care,1,185,111.0,6,UPI,Returning,No,3
B11998,07-08-2025,Nesari,Dishwash Bar,Household,3,28,19.88,1,UPI,Returning,No,5
B12900,28-11-2025,Gadhinglaj,Curd 400g,Dairy,2,32,28.8,0,UPI,New,No,5
B12112,29-09-2025,Chandgad,Curd 400g,Dairy,5,32,28.8,0,UPI,New,No,4
B11575,06-05-2025,Chandgad,Milk Pouch 500ml,Dairy,3,27,24.57,10,UPI,New,No,4
B10309,24-10-2025,Gadhinglaj,Butter 100g,Dairy,9,58,52.2,15,UPI,Returning,No,5
B10696,21-12-2025,Gadhinglaj,Wheat Flour 5kg,Staples,3,210,178.5,5,Cash,New,No,4
B11099,22-06-2025,Gadhinglaj,Milk Pouch 500ml,Dairy,4,27,24.57,10,Cash,New,No,5
B11090,17-08-2025,Ajara,Soft Drink 750ml,Beverages,4,45,35.55,21,Card,Returning,No,3
B11341,13-09-2025,Ajara,Biscuit Pack,Snacks,4,30,23.4,6,Card,Returning,No,4
B10173,26-06-2025,Nesari,Phenyl 500ml,Household,6,72,51.84,1,UPI,Returning,No,3
B12467,14-10-2025,Ajara,Toothpaste,Personal Care,2,98,61.74,6,Card,Returning,No,3
B10844,15-10-2025,Chandgad,Curd 400g,Dairy,3,32,28.8,0,Card,New,No,5
B10915,17-12-2025,Gadhinglaj,Detergent Powder 1kg,Household,3,130,94.9,15,UPI,Returning,No,5
B10253,03-09-2025,Gadhinglaj,Detergent Powder 1kg,Household,2,130,94.9,0,UPI,Returning,No,5
B11318,15-01-2025,Nesari,Butter 100g,Dairy,2,58,52.2,6,UPI,Returning,No,5
B11001,16-09-2025,Gadhinglaj,Butter 100g,Dairy,9,58,52.2,0,UPI,Returning,No,5
B11709,28-12-2025,Ajara,Namkeen 200g,Snacks,6,55,41.8,6,UPI,Returning,No,2
B12659,24-01-2025,Gadhinglaj,Cooking Oil 1L,Staples,2,145,133.4,20,UPI,Returning,No,5
B10375,08-10-2025,Gadhinglaj,Milk Pouch 500ml,Dairy,9,27,24.57,5,UPI,New,No,5
B12648,21-05-2025,Gadhinglaj,Hair Oil 200ml,Personal Care,5,135,82.35,0,UPI,Returning,No,5
B12576,01-09-2025,Ajara,Bathing Soap,Personal Care,4,42,26.88,6,Card,Returning,No,3
B12488,15-03-2025,Nesari,Wheat Flour 5kg,Staples,5,210,178.5,11,Cash,New,No,5
B11695,03-12-2025,Gadhinglaj,Biscuit Pack,Snacks,2,30,23.4,15,UPI,Returning,No,5
B10238,21-08-2025,Nesari,Cooking Oil 1L,Staples,2,145,133.4,26,Cash,New,No,5
B10162,10-04-2025,Gadhinglaj,Namkeen 200g,Snacks,6,55,41.8,0,Card,Returning,No,5
B10125,02-09-2025,Ajara,Tea Powder 250g,Beverages,1,135,108.0,11,UPI,New,No,3
B12270,04-09-2025,Nesari,Butter 100g,Dairy,2,58,52.2,1,UPI,Returning,No,4
B12847,25-02-2025,Chandgad,Instant Coffee 50g,Beverages,5,195,150.15,5,Cash,Returning,No,3
B11909,22-12-2025,Gadhinglaj,Wafers 100g,Snacks,2,40,30.8,15,UPI,Returning,No,4
B10115,19-08-2025,Chandgad,Phenyl 500ml,Household,8,72,51.84,15,Cash,Returning,No,
B10755,20-02-2025,Chandgad,Milk Pouch 500ml,Dairy,4,27,24.57,5,Cash,New,No,4
B11367,08-06-2025,Chandgad,Wheat Flour 5kg,Staples,2,210,178.5,5,UPI,New,No,4
B10080,01-03-2025,Gadhinglaj,Dishwash Bar,Household,3,28,19.88,10,UPI,New,No,5
B12179,22-01-2025,Ajara,Toothpaste,Personal Care,1,98,61.74,6,Cash,New,No,2
B11087,19-02-2025,Gadhinglaj,Biscuit Pack,Snacks,6,30,23.4,5,Card,Returning,No,5
B12893,11-05-2025,Ajara,Bathing Soap,Personal Care,3,42,26.88,6,Card,New,No,2
B12666,08-05-2025,Gadhinglaj,Biscuit Pack,Snacks,2,30,23.4,5,UPI,Returning,No,4
B11566,20-06-2025,Ajara,Rice 10kg,Staples,2,620,533.2,11,Cash,Returning,No,4
B10624,20-09-2025,Gadhinglaj,Detergent Powder 1kg,Household,1,130,94.9,0,Card,Returning,No,5
B12018,01-05-2025,Gadhinglaj,Cooking Oil 1L,Staples,3,145,133.4,25,UPI,New,No,5
B12006,17-01-2025,Gadhinglaj,Detergent Powder 1kg,Household,2,130,94.9,15,Cash,Returning,No,4
B10267,04-08-2025,Chandgad,Toothpaste,Personal Care,3,98,61.74,0,UPI,New,No,4
B10203,02-03-2025,Chandgad,Curd 400g,Dairy,6,32,28.8,0,Cash,New,No,3
B10970,24-06-2025,Ajara,Paneer 200g,Dairy,6,95,84.55,6,Cash,Returning,Yes,2
B10094,06-09-2025,Chandgad,Tea Powder 250g,Beverages,1,135,108.0,0,UPI,New,No,4
B11828,31-07-2025,Ajara,Sugar 1kg,Staples,4,46,40.48,21,UPI,New,Yes,4
B11180,04-05-2025,Chandgad,Broom,Household,5,95,66.5,15,UPI,Returning,No,4
B12111,22-08-2025,Chandgad,Milk Pouch 500ml,Dairy,7,27,24.57,0,Cash,Returning,No,4
B10023,01-09-2025,Nesari,Cooking Oil 1L,Staples,2,145,133.4,21,UPI,New,No,3
B12975,25-09-2025,Gadhinglaj,Detergent Powder 1kg,Household,3,130,94.9,15,UPI,New,No,5
B10005,22-08-2025,Chandgad,Rice 10kg,Staples,4,620,533.2,10,UPI,New,No,3
B12036,14-10-2025,Chandgad,Milk Pouch 500ml,Dairy,8,27,24.57,0,Cash,Returning,No,4
B12531,29-04-2025,Gadhinglaj,Detergent Powder 1kg,Household,3,130,94.9,5,UPI,Returning,No,5
B11204,06-08-2025,Gadhinglaj,Chocolate Bar,Snacks,8,45,33.3,5,Cash,New,No,5
B11259,28-03-2025,Gadhinglaj,Face Cream,Personal Care,1,165,102.3,5,Card,New,No,3
B12189,24-10-2025,Chandgad,Milk Pouch 500ml,Dairy,2,27,24.57,0,Cash,Returning,No,5
B11301,01-06-2025,Nesari,Biscuit Pack,Snacks,6,30,23.4,1,Cash,Returning,No,4
B11115,05-08-2025,Chandgad,Tea Powder 250g,Beverages,4,135,108.0,15,Cash,Returning,No,3
B10458,07-10-2025,Gadhinglaj,Cooking Oil 1L,Staples,2,145,133.4,15,UPI,Returning,No,4
B11788,04-04-2025,Chandgad,Namkeen 200g,Snacks,1,55,41.8,0,Cash,New,No,5
B10641,07-11-2025,Ajara,Soft Drink 750ml,Beverages,1,45,35.55,11,Card,New,No,3
B11232,21-02-2025,Gadhinglaj,Sugar 1kg,Staples,3,46,40.48,0,UPI,Returning,No,5
B11813,16-09-2025,Chandgad,Phenyl 500ml,Household,6,72,51.84,0,UPI,Returning,No,5
B10262,15-04-2025,Ajara,Milk Pouch 500ml,Dairy,2,27,24.57,16,Cash,Returning,No,4
B12813,26-01-2025,Gadhinglaj,Shampoo Bottle,Personal Care,3,185,111.0,0,Card,New,No,5
B11230,16-10-2025,Ajara,Rice 10kg,Staples,2,620,533.2,6,Cash,Returning,No,4
B11075,09-12-2025,Nesari,Namkeen 200g,Snacks,6,55,41.8,1,Cash,Returning,No,4
B12344,02-03-2025,Nesari,Tea Powder 250g,Beverages,2,135,108.0,11,Cash,Returning,No,3
B11620,26-12-2025,Gadhinglaj,Wheat Flour 5kg,Staples,5,210,178.5,10,Cash,Returning,No,5
B11109,08-02-2025,Chandgad,Paneer 200g,Dairy,4,95,84.55,15,Card,New,No,4
B10318,23-01-2025,Gadhinglaj,Curd 400g,Dairy,3,32,28.8,5,UPI,Returning,No,5
B12572,29-12-2025,Gadhinglaj,Biscuit Pack,Snacks,6,30,23.4,0,Card,Returning,No,5
B12401,30-12-2025,Gadhinglaj,Hair Oil 200ml,Personal Care,4,135,82.35,5,UPI,Returning,No,5
B12821,21-10-2025,Nesari,Tea Powder 250g,Beverages,4,135,108.0,1,Card,Returning,No,4
B12684,09-08-2025,Ajara,Curd 400g,Dairy,4,32,28.8,6,UPI,Returning,No,4
B12355,16-01-2025,Nesari,Namkeen 200g,Snacks,7,55,41.8,16,Cash,Returning,No,5
B11818,24-01-2025,Gadhinglaj,Detergent Powder 1kg,Household,2,130,94.9,0,Cash,Returning,No,4
B11022,05-11-2025,Gadhinglaj,Wheat Flour 5kg,Staples,3,210,178.5,0,UPI,New,No,5
B10699,28-10-2025,Chandgad,Shampoo Bottle,Personal Care,4,185,111.0,0,Card,Returning,No,5
B12792,11-08-2025,Nesari,Biscuit Pack,Snacks,6,30,23.4,6,UPI,New,No,4
B10813,26-07-2025,Chandgad,Wafers 100g,Snacks,8,40,30.8,5,Card,Returning,No,4
B10205,14-08-2025,Nesari,Dishwash Bar,Household,1,28,19.88,1,Card,New,No,4
B10067,17-04-2025,Gadhinglaj,Instant Coffee 50g,Beverages,2,195,150.15,5,UPI,Returning,No,4
B12721,21-09-2025,Chandgad,Rice 10kg,Staples,5,620,533.2,5,Cash,New,No,5
B10621,10-06-2025,Gadhinglaj,Biscuit Pack,Snacks,7,30,23.4,5,UPI,New,No,4
B11047,27-03-2025,Gadhinglaj,Butter 100g,Dairy,9,58,52.2,5,UPI,Returning,No,5
B12260,18-10-2025,Gadhinglaj,Sugar 1kg,Staples,10,46,40.48,0,UPI,New,No,5
B11888,11-09-2025,Gadhinglaj,Butter 100g,Dairy,6,58,52.2,0,Cash,Returning,No,5
B10911,09-09-2025,Chandgad,Biscuit Pack,Snacks,2,30,23.4,15,UPI,New,No,3
B10343,14-04-2025,Chandgad,Rice 10kg,Staples,3,620,533.2,5,UPI,Returning,No,5
B10659,27-05-2025,Ajara,Instant Coffee 50g,Beverages,3,195,150.15,6,Cash,New,No,3
B11716,20-05-2025,Chandgad,Paneer 200g,Dairy,2,95,84.55,5,Card,New,No,5
B11324,27-12-2025,Nesari,Chocolate Bar,Snacks,2,45,33.3,11,Cash,Returning,No,5
B11724,06-08-2025,Chandgad,Cooking Oil 1L,Staples,3,145,133.4,15,Cash,New,No,5
B11556,19-01-2025,Chandgad,Dishwash Bar,Household,1,28,19.88,0,Cash,Returning,No,5
B10928,25-11-2025,Gadhinglaj,Butter 100g,Dairy,5,58,52.2,5,Card,Returning,No,5
B11911,09-10-2025,Nesari,Tea Powder 250g,Beverages,2,135,108.0,1,UPI,Returning,No,5
B12918,01-09-2025,Chandgad,Milk Pouch 500ml,Dairy,3,27,24.57,0,Card,Returning,No,4
B12394,20-05-2025,Gadhinglaj,Curd 400g,Dairy,6,32,28.8,10,Cash,Returning,No,5
B10848,19-10-2025,Nesari,Wheat Flour 5kg,Staples,3,210,178.5,1,Cash,New,No,4
B12920,10-04-2025,Ajara,Bathing Soap,Personal Care,2,42,26.88,6,UPI,Returning,No,3
B11540,05-09-2025,Ajara,Phenyl 500ml,Household,4,72,51.84,21,Cash,New,No,3
B12845,08-01-2025,Gadhinglaj,Wheat Flour 5kg,Staples,6,210,178.5,0,UPI,Returning,No,5
B11835,03-11-2025,Chandgad,Wafers 100g,Snacks,8,40,30.8,0,UPI,New,No,3
B10703,22-03-2025,Nesari,Face Cream,Personal Care,5,165,102.3,6,Card,New,No,4
B12762,13-08-2025,Nesari,Shampoo Bottle,Personal Care,4,185,111.0,6,Cash,New,No,4
B12888,26-05-2025,Nesari,Wafers 100g,Snacks,8,40,30.8,6,Card,Returning,No,4
B10853,16-01-2025,Ajara,Biscuit Pack,Snacks,4,30,23.4,16,Cash,Returning,No,2
B11226,03-02-2025,Gadhinglaj,Soft Drink 750ml,Beverages,4,45,35.55,0,Cash,Returning,No,5
B12250,09-04-2025,Ajara,Milk Pouch 500ml,Dairy,3,27,24.57,21,UPI,Returning,No,3
B12907,07-03-2025,Nesari,Tea Powder 250g,Beverages,4,135,108.0,1,Cash,Returning,No,4
B12992,20-09-2025,Nesari,Toothpaste,Personal Care,6,98,61.74,6,UPI,Returning,No,3
B11895,26-09-2025,Nesari,Paneer 200g,Dairy,2,95,84.55,16,UPI,New,No,4
B11481,22-10-2025,Chandgad,Chocolate Bar,Snacks,7,45,33.3,5,Card,Returning,No,4
B10562,08-09-2025,Nesari,Instant Coffee 50g,Beverages,4,195,150.15,16,Card,Returning,No,5
B11212,05-12-2025,Gadhinglaj,Phenyl 500ml,Household,1,72,51.84,15,UPI,New,No,5
B11352,02-10-2025,Ajara,Butter 100g,Dairy,7,58,52.2,21,UPI,Returning,No,4
B11855,30-01-2025,Chandgad,Biscuit Pack,Snacks,6,30,23.4,5,UPI,Returning,No,5
B12110,30-11-2025,Gadhinglaj,Wheat Flour 5kg,Staples,3,210,178.5,10,UPI,Returning,No,5
B12906,22-06-2025,Chandgad,Shampoo Bottle,Personal Care,4,185,111.0,0,Cash,Returning,No,4
B12870,07-05-2025,Nesari,Cooking Oil 1L,Staples,2,145,133.4,11,Cash,New,No,5
B10922,03-05-2025,Chandgad,Detergent Powder 1kg,Household,5,130,94.9,5,Cash,Returning,No,4
B12447,02-05-2025,Chandgad,Sugar 1kg,Staples,3,46,40.48,0,Cash,Returning,No,4
B11755,30-03-2025,Ajara,Butter 100g,Dairy,6,58,52.2,16,Card,Returning,No,4
B11471,16-06-2025,Ajara,Namkeen 200g,Snacks,4,55,41.8,6,Card,Returning,No,4
B11886,29-08-2025,Chandgad,Milk Pouch 500ml,Dairy,7,27,24.57,0,UPI,New,No,4
B10732,12-12-2025,Gadhinglaj,Curd 400g,Dairy,9,32,28.8,0,UPI,Returning,No,5
B11372,25-11-2025,Nesari,Cooking Oil 1L,Staples,3,145,133.4,16,,Returning,No,5
B10022,07-10-2025,Gadhinglaj,Curd 400g,Dairy,4,32,28.8,15,UPI,Returning,No,5
B10202,31-01-2025,Chandgad,Curd 400g,Dairy,1,32,28.8,5,Card,New,No,4
B11881,18-08-2025,Gadhinglaj,Sugar 1kg,Staples,9,46,40.48,0,Cash,Returning,No,5
B11987,05-08-2025,Gadhinglaj,Face Cream,Personal Care,1,165,102.3,0,UPI,New,No,5
B10366,02-08-2025,Chandgad,Shampoo Bottle,Personal Care,2,185,111.0,0,UPI,Returning,No,5
B12229,02-05-2025,Chandgad,Chocolate Bar,Snacks,8,45,33.3,5,UPI,Returning,No,4
B10072,29-07-2025,Chandgad,Bathing Soap,Personal Care,6,42,26.88,0,UPI,New,No,4
B10335,10-12-2025,Gadhinglaj,Toothpaste,Personal Care,2,98,61.74,0,UPI,New,No,5
B11089,11-05-2025,Gadhinglaj,Biscuit Pack,Snacks,11,30,23.4,15,UPI,New,No,5
B10794,17-11-2025,Nesari,Tea Powder 250g,Beverages,3,135,108.0,16,Cash,New,No,5
B11459,01-03-2025,Gadhinglaj,Wafers 100g,Snacks,8,40,30.8,15,UPI,New,No,5
B12422,23-07-2025,Nesari,Sugar 1kg,Staples,8,46,40.48,1,UPI,New,No,5
B12383,15-11-2025,Nesari,Rice 10kg,Staples,5,620,533.2,1,UPI,Returning,No,5
B10019,26-09-2025,Ajara,Toothpaste,Personal Care,1,98,61.74,6,UPI,New,No,4
B12739,15-08-2025,Ajara,Chocolate Bar,Snacks,4,45,33.3,11,Card,Returning,No,4
B12349,11-03-2025,Chandgad,Shampoo Bottle,Personal Care,5,185,111.0,0,UPI,Returning,No,5
B10865,04-05-2025,Nesari,Wheat Flour 5kg,Staples,2,210,178.5,16,Cash,Returning,No,
B11294,02-09-2025,Ajara,Sugar 1kg,Staples,1,46,40.48,11,UPI,New,No,3
B12817,29-12-2025,Chandgad,Rice 10kg,Staples,2,620,533.2,5,Card,Returning,No,5
B10908,30-09-2025,Nesari,Milk Pouch 500ml,Dairy,5,27,24.57,16,UPI,New,No,4
B10685,13-07-2025,Gadhinglaj,Butter 100g,Dairy,10,58,52.2,0,UPI,New,No,5
B11207,27-06-2025,Ajara,Soft Drink 750ml,Beverages,3,45,35.55,21,UPI,New,No,3
B11417,11-09-2025,Chandgad,Wafers 100g,Snacks,5,40,30.8,5,Cash,Returning,No,5
B12412,19-05-2025,Gadhinglaj,Biscuit Pack,Snacks,8,30,23.4,0,Card,Returning,No,5
B11414,19-02-2025,Chandgad,Milk Pouch 500ml,Dairy,2,27,24.57,5,Card,New,No,3
B11433,08-02-2025,Gadhinglaj,Phenyl 500ml,Household,3,72,51.84,15,Card,New,No,5
B10182,07-12-2025,Gadhinglaj,Toothpaste,Personal Care,6,98,61.74,0,Card,New,No,5
B10532,20-09-2025,Gadhinglaj,Wafers 100g,Snacks,8,40,30.8,0,Cash,Returning,No,5
B12141,12-12-2025,Nesari,Toothpaste,Personal Care,7,98,61.74,1,Cash,Returning,No,5
B11773,20-05-2025,Chandgad,Namkeen 200g,Snacks,8,55,41.8,0,UPI,Returning,No,4
B11534,26-02-2025,Chandgad,Tur Dal 1kg,Staples,2,155,130.2,0,Cash,Returning,No,4
B11939,29-12-2025,Nesari,Butter 100g,Dairy,4,58,52.2,11,UPI,New,No,3
B11191,01-08-2025,Gadhinglaj,Namkeen 200g,Snacks,10,55,41.8,0,Card,Returning,No,5
B11861,06-04-2025,Nesari,Hair Oil 200ml,Personal Care,3,135,82.35,1,Cash,New,No,3
B12242,25-08-2025,Nesari,Paneer 200g,Dairy,1,95,84.55,1,Cash,New,No,4
B12088,07-09-2025,Nesari,Sugar 1kg,Staples,7,46,40.48,11,UPI,Returning,No,5
B12204,21-04-2025,Gadhinglaj,Namkeen 200g,Snacks,9,55,41.8,0,UPI,New,No,5
B10272,05-11-2025,Gadhinglaj,Milk Pouch 500ml,Dairy,8,27,24.57,0,Cash,Returning,No,5
B12093,01-09-2025,Gadhinglaj,Wheat Flour 5kg,Staples,6,210,178.5,0,UPI,Returning,No,5
B11095,26-06-2025,Gadhinglaj,Cooking Oil 1L,Staples,5,145,133.4,20,UPI,Returning,Yes,5
B10241,04-01-2025,Chandgad,Milk Pouch 500ml,Dairy,7,27,24.57,10,UPI,Returning,Yes,4
B10623,06-11-2025,Chandgad,Wheat Flour 5kg,Staples,2,210,178.5,10,Cash,New,No,5
B11605,16-03-2025,Gadhinglaj,Soft Drink 750ml,Beverages,1,45,35.55,10,UPI,Returning,No,5
B11533,05-04-2025,Nesari,Dishwash Bar,Household,3,28,19.88,1,Cash,Returning,No,5
B10401,24-07-2025,Nesari,Hair Oil 200ml,Personal Care,1,135,82.35,1,Cash,New,No,4
B10484,12-10-2025,Chandgad,Milk Pouch 500ml,Dairy,2,27,24.57,0,UPI,Returning,No,5
B12990,29-11-2025,Chandgad,Namkeen 200g,Snacks,5,55,41.8,15,Card,New,No,5
B12207,05-12-2025,Chandgad,Tur Dal 1kg,Staples,4,155,130.2,0,UPI,Returning,No,5
B10119,04-10-2025,Ajara,Curd 400g,Dairy,3,32,28.8,16,UPI,Returning,No,4
B11394,28-07-2025,Ajara,Wafers 100g,Snacks,4,40,30.8,11,UPI,New,No,2
B12492,15-10-2025,Chandgad,Detergent Powder 1kg,Household,1,130,94.9,10,UPI,New,No,5
B12114,29-04-2025,Gadhinglaj,Chocolate Bar,Snacks,2,45,33.3,5,Cash,Returning,No,5
B11473,02-10-2025,Chandgad,Chocolate Bar,Snacks,5,45,33.3,15,Card,New,Yes,4
B12640,08-12-2025,Chandgad,Wheat Flour 5kg,Staples,2,210,178.5,5,UPI,Returning,No,4
B11727,17-07-2025,Gadhinglaj,Dishwash Bar,Household,3,28,19.88,5,Cash,New,No,5
B11797,13-11-2025,Ajara,Milk Pouch 500ml,Dairy,5,27,24.57,6,UPI,Returning,No,4
B10378,29-08-2025,Gadhinglaj,Wafers 100g,Snacks,3,40,30.8,0,UPI,New,No,4
B11694,07-01-2025,Chandgad,Cooking Oil 1L,Staples,3,145,133.4,15,Card,Returning,No,4
B11630,27-07-2025,Chandgad,Shampoo Bottle,Personal Care,2,185,111.0,0,UPI,New,No,5
B10485,18-09-2025,Chandgad,Curd 400g,Dairy,3,32,28.8,10,UPI,New,No,4
B12937,31-10-2025,Gadhinglaj,Wafers 100g,Snacks,4,40,30.8,0,UPI,Returning,No,5
B10213,10-09-2025,Gadhinglaj,Shampoo Bottle,Personal Care,6,185,111.0,0,UPI,Returning,No,5
B12067,09-10-2025,Gadhinglaj,Shampoo Bottle,Personal Care,2,185,111.0,0,Card,Returning,Yes,5
B11154,29-08-2025,Chandgad,Curd 400g,Dairy,4,32,28.8,15,UPI,New,No,3
B12746,13-12-2025,Gadhinglaj,Milk Pouch 500ml,Dairy,1,27,24.57,0,UPI,New,No,5
B10983,08-02-2025,Nesari,Curd 400g,Dairy,8,32,28.8,1,UPI,Returning,No,4
B11492,10-02-2025,Gadhinglaj,Namkeen 200g,Snacks,2,55,41.8,0,Cash,New,No,5
B12350,19-08-2025,Ajara,Namkeen 200g,Snacks,3,55,41.8,6,UPI,Returning,No,3
B10881,10-05-2025,Gadhinglaj,Paneer 200g,Dairy,6,95,84.55,5,Cash,Returning,No,5
B10518,03-04-2025,Gadhinglaj,Rice 10kg,Staples,3,620,533.2,0,UPI,New,No,5
B10700,10-06-2025,Gadhinglaj,Curd 400g,Dairy,8,32,28.8,5,UPI,Returning,No,5
B11753,09-06-2025,Ajara,Namkeen 200g,Snacks,2,55,41.8,11,Card,Returning,No,4
B10348,13-05-2025,Chandgad,Shampoo Bottle,Personal Care,4,185,111.0,0,Cash,Returning,No,5
B10985,15-08-2025,Chandgad,Biscuit Pack,Snacks,4,30,23.4,10,UPI,Returning,No,3
B12408,10-01-2025,Nesari,Milk Pouch 500ml,Dairy,3,27,24.57,11,Cash,Returning,No,4
B10852,23-03-2025,Chandgad,Shampoo Bottle,Personal Care,4,185,111.0,5,Card,Returning,No,3
B12964,07-01-2025,Gadhinglaj,Toothpaste,Personal Care,1,98,61.74,0,UPI,Returning,No,5
B12125,11-10-2025,Gadhinglaj,Sugar 1kg,Staples,2,46,40.48,5,UPI,Returning,No,5
B10725,18-09-2025,Chandgad,Biscuit Pack,Snacks,2,30,23.4,0,UPI,New,No,5
B10047,21-01-2025,Nesari,Soft Drink 750ml,Beverages,4,45,35.55,1,,Returning,No,4
B12459,13-12-2025,Nesari,Milk Pouch 500ml,Dairy,8,27,24.57,16,UPI,Returning,No,5
B10920,02-09-2025,Nesari,Dishwash Bar,Household,8,28,19.88,1,Cash,Returning,No,5
B11771,13-02-2025,Nesari,Broom,Household,2,95,66.5,1,UPI,Returning,No,5
B10329,04-07-2025,Chandgad,Paneer 200g,Dairy,8,95,84.55,0,UPI,Returning,No,3
B11269,28-02-2025,Gadhinglaj,Shampoo Bottle,Personal Care,3,185,111.0,0,UPI,New,No,5
B12273,17-07-2025,Nesari,Tea Powder 250g,Beverages,1,135,108.0,1,Card,Returning,No,3
B10838,21-01-2025,Ajara,Tur Dal 1kg,Staples,2,155,130.2,11,Cash,Returning,No,4
B12339,19-05-2025,Chandgad,Tea Powder 250g,Beverages,2,135,108.0,0,UPI,Returning,No,5
B10376,15-08-2025,Gadhinglaj,Biscuit Pack,Snacks,5,30,23.4,5,Cash,New,No,4
B12761,05-10-2025,Ajara,Tea Powder 250g,Beverages,1,135,108.0,6,Card,New,No,2
B12106,07-11-2025,Gadhinglaj,Detergent Powder 1kg,Household,3,130,94.9,0,Cash,Returning,No,5
B11559,18-04-2025,Chandgad,Soft Drink 750ml,Beverages,7,45,35.55,0,Cash,New,No,4
B11388,11-09-2025,Gadhinglaj,Tea Powder 250g,Beverages,5,135,108.0,10,UPI,New,No,5
B10644,28-01-2025,Nesari,Namkeen 200g,Snacks,8,55,41.8,6,Cash,New,No,5
B10428,27-10-2025,Gadhinglaj,Dishwash Bar,Household,1,28,19.88,0,UPI,Returning,No,5
B10707,26-08-2025,Ajara,Milk Pouch 500ml,Dairy,4,27,24.57,16,Card,Returning,No,4
B12000,24-11-2025,Chandgad,Curd 400g,Dairy,3,32,28.8,5,Cash,New,No,4
B12473,16-12-2025,Chandgad,Wheat Flour 5kg,Staples,1,210,178.5,0,Cash,Returning,No,3
B12510,25-04-2025,Ajara,Tur Dal 1kg,Staples,2,155,130.2,6,Cash,New,No,3
B10002,23-01-2025,Chandgad,Cooking Oil 1L,Staples,4,145,133.4,10,Cash,Returning,No,5
B12386,18-03-2025,Ajara,Wheat Flour 5kg,Staples,2,210,178.5,21,UPI,Returning,No,2
B11260,11-09-2025,Gadhinglaj,Sugar 1kg,Staples,10,46,40.48,10,UPI,Returning,No,5
B12157,15-03-2025,Gadhinglaj,Bathing Soap,Personal Care,3,42,26.88,0,Cash,New,No,5
B12345,22-12-2025,Gadhinglaj,Milk Pouch 500ml,Dairy,7,27,24.57,5,UPI,Returning,No,5
B11297,21-12-2025,Chandgad,Soft Drink 750ml,Beverages,1,45,35.55,5,Card,New,No,3
B12733,05-11-2025,Nesari,Toothpaste,Personal Care,1,98,61.74,6,UPI,Returning,No,3
B10208,12-12-2025,Nesari,Dishwash Bar,Household,2,28,19.88,11,Cash,New,No,4
B10951,30-09-2025,Chandgad,Detergent Powder 1kg,Household,4,130,94.9,5,UPI,Returning,No,5
B10069,20-04-2025,Chandgad,Curd 400g,Dairy,6,32,28.8,5,Cash,New,No,4
B12159,29-08-2025,Nesari,Namkeen 200g,Snacks,7,55,41.8,11,UPI,Returning,Yes,4
B11240,22-09-2025,Chandgad,Phenyl 500ml,Household,1,72,51.84,5,UPI,New,No,5
B10003,24-11-2025,Ajara,Butter 100g,Dairy,2,58,52.2,11,Cash,Returning,No,3
B12594,18-08-2025,Nesari,Chocolate Bar,Snacks,2,45,33.3,16,Cash,New,No,4
B11363,28-12-2025,Chandgad,Tur Dal 1kg,Staples,5,155,130.2,0,Card,New,No,5
B10465,17-08-2025,Gadhinglaj,Soft Drink 750ml,Beverages,11,45,35.55,0,UPI,Returning,No,5
B10945,18-11-2025,Gadhinglaj,Sugar 1kg,Staples,10,46,40.48,5,UPI,Returning,No,5
B12389,16-11-2025,Ajara,Biscuit Pack,Snacks,7,30,23.4,21,UPI,Returning,No,4
B11697,23-08-2025,Nesari,Wheat Flour 5kg,Staples,2,210,178.5,6,UPI,Returning,No,5
B10887,24-09-2025,Nesari,Cooking Oil 1L,Staples,2,145,133.4,21,UPI,Returning,No,4
B11811,12-05-2025,Nesari,Instant Coffee 50g,Beverages,1,195,150.15,1,Cash,Returning,No,4
B11174,09-05-2025,Gadhinglaj,Dishwash Bar,Household,8,28,19.88,15,UPI,Returning,No,4
B11531,29-05-2025,Gadhinglaj,Detergent Powder 1kg,Household,2,130,94.9,5,Card,New,No,5
B11602,23-12-2025,Chandgad,Biscuit Pack,Snacks,3,30,23.4,5,Cash,Returning,No,5
B10004,08-07-2025,Chandgad,Face Cream,Personal Care,3,165,102.3,5,UPI,Returning,No,1
B11894,03-05-2025,Chandgad,Shampoo Bottle,Personal Care,2,185,111.0,5,UPI,New,No,3
B11776,12-11-2025,Gadhinglaj,Curd 400g,Dairy,6,32,28.8,0,Cash,New,No,5
B10190,23-03-2025,Gadhinglaj,Instant Coffee 50g,Beverages,3,195,150.15,5,UPI,Returning,No,5
B10488,04-05-2025,Gadhinglaj,Butter 100g,Dairy,2,58,52.2,0,Cash,Returning,No,5
B11140,04-03-2025,Ajara,Detergent Powder 1kg,Household,4,130,94.9,11,,Returning,No,4
B12078,22-11-2025,Ajara,Milk Pouch 500ml,Dairy,4,27,24.57,21,UPI,Returning,No,3
B11670,27-09-2025,Ajara,Wheat Flour 5kg,Staples,1,210,178.5,6,Cash,Returning,No,3
B12201,21-09-2025,Nesari,Biscuit Pack,Snacks,10,30,23.4,1,UPI,Returning,No,4
B10552,21-09-2025,Chandgad,Wheat Flour 5kg,Staples,3,210,178.5,15,UPI,Returning,No,5
B11702,01-02-2025,Gadhinglaj,Tea Powder 250g,Beverages,4,135,108.0,0,UPI,New,No,5
B10544,24-09-2025,Ajara,Wheat Flour 5kg,Staples,3,210,178.5,21,Cash,Returning,No,3
B10517,24-06-2025,Nesari,Paneer 200g,Dairy,7,95,84.55,16,Cash,Returning,No,4
B11747,04-10-2025,Gadhinglaj,Milk Pouch 500ml,Dairy,10,27,24.57,5,UPI,New,No,5
B12838,29-11-2025,Chandgad,Sugar 1kg,Staples,6,46,40.48,10,UPI,New,No,3
B11480,01-10-2025,Chandgad,Tur Dal 1kg,Staples,2,155,130.2,0,UPI,New,No,4
B10113,08-09-2025,Chandgad,Butter 100g,Dairy,6,58,52.2,0,Card,Returning,No,5
B11215,03-05-2025,Gadhinglaj,Sugar 1kg,Staples,11,46,40.48,5,Card,Returning,No,5
B10400,25-09-2025,Chandgad,Bathing Soap,Personal Care,8,42,26.88,0,Cash,New,No,5
B10510,24-11-2025,Gadhinglaj,Soft Drink 750ml,Beverages,4,45,35.55,0,UPI,Returning,No,5
B12368,30-08-2025,Chandgad,Butter 100g,Dairy,6,58,52.2,0,UPI,New,No,4
B10045,01-08-2025,Gadhinglaj,Namkeen 200g,Snacks,8,55,41.8,10,Cash,New,No,5
B10741,29-07-2025,Gadhinglaj,Namkeen 200g,Snacks,6,55,41.8,5,Card,Returning,No,5
B11662,12-08-2025,Ajara,Namkeen 200g,Snacks,4,55,41.8,11,UPI,Returning,No,4
B11081,23-02-2025,Gadhinglaj,Toothpaste,Personal Care,8,98,61.74,0,UPI,Returning,No,5
B10258,04-12-2025,Gadhinglaj,Milk Pouch 500ml,Dairy,7,27,24.57,10,UPI,Returning,No,5
B12670,13-07-2025,Gadhinglaj,Curd 400g,Dairy,6,32,28.8,15,UPI,New,No,4
B10851,17-12-2025,Chandgad,Cooking Oil 1L,Staples,4,145,133.4,20,Cash,Returning,No,3
B10962,31-05-2025,Chandgad,Milk Pouch 500ml,Dairy,4,27,24.57,5,UPI,New,No,5
B10063,06-02-2025,Ajara,Milk Pouch 500ml,Dairy,4,27,24.57,11,UPI,New,No,4
B10943,19-04-2025,Ajara,Biscuit Pack,Snacks,4,30,23.4,11,Cash,Returning,No,3
B12352,18-02-2025,Ajara,Toothpaste,Personal Care,6,98,61.74,6,UPI,New,No,3
B12440,18-04-2025,Chandgad,Wheat Flour 5kg,Staples,3,210,178.5,5,Card,Returning,No,3
B11834,19-02-2025,Ajara,Rice 10kg,Staples,1,620,533.2,6,Card,Returning,No,2
B12805,05-06-2025,Nesari,Phenyl 500ml,Household,2,72,51.84,6,Card,New,No,5
B11550,15-04-2025,Chandgad,Rice 10kg,Staples,3,620,533.2,15,Cash,Returning,No,5
B10127,17-08-2025,Chandgad,Bathing Soap,Personal Care,1,42,26.88,0,UPI,Returning,No,4
B10086,16-10-2025,Chandgad,Tea Powder 250g,Beverages,2,135,108.0,0,Card,New,No,5
B12009,20-02-2025,Chandgad,Hair Oil 200ml,Personal Care,4,135,82.35,0,Card,New,No,4
B12291,22-08-2025,Gadhinglaj,Biscuit Pack,Snacks,8,30,23.4,0,Cash,Returning,No,5
B11036,24-02-2025,Nesari,Wheat Flour 5kg,Staples,2,210,178.5,11,Cash,Returning,No,5
B12744,02-09-2025,Gadhinglaj,Dishwash Bar,Household,10,28,19.88,10,UPI,Returning,No,5
B10891,22-05-2025,Gadhinglaj,Curd 400g,Dairy,8,32,28.8,10,Cash,New,No,5
B11808,13-02-2025,Gadhinglaj,Wheat Flour 5kg,Staples,2,210,178.5,5,UPI,Returning,No,5
B11717,28-02-2025,Gadhinglaj,Shampoo Bottle,Personal Care,6,185,111.0,5,UPI,Returning,No,4
B11848,20-01-2025,Ajara,Detergent Powder 1kg,Household,1,130,94.9,6,Cash,Returning,No,4
B10564,10-10-2025,Nesari,Milk Pouch 500ml,Dairy,2,27,24.57,1,Cash,Returning,No,5
B12747,13-06-2025,Chandgad,Curd 400g,Dairy,4,32,28.8,5,Cash,New,No,4
B10122,20-07-2025,Gadhinglaj,Bathing Soap,Personal Care,1,42,26.88,5,UPI,New,No,5
B10402,27-09-2025,Nesari,Rice 10kg,Staples,5,620,533.2,11,Cash,New,No,4
B10147,30-11-2025,Gadhinglaj,Namkeen 200g,Snacks,4,55,41.8,15,UPI,New,No,4
B12285,27-11-2025,Nesari,Biscuit Pack,Snacks,3,30,23.4,1,Card,New,Yes,4
B10385,06-10-2025,Gadhinglaj,Bathing Soap,Personal Care,5,42,26.88,0,UPI,New,No,5
B12417,16-11-2025,Nesari,Tur Dal 1kg,Staples,1,155,130.2,6,Cash,New,No,4
B12797,27-05-2025,Nesari,Tur Dal 1kg,Staples,3,155,130.2,11,UPI,Returning,No,5
B12195,23-01-2025,Gadhinglaj,Dishwash Bar,Household,8,28,19.88,10,Card,Returning,No,5
B12493,09-09-2025,Chandgad,Curd 400g,Dairy,5,32,28.8,0,Cash,Returning,No,5
B12175,28-10-2025,Gadhinglaj,Tea Powder 250g,Beverages,1,135,108.0,15,Cash,Returning,Yes,5
B11421,31-07-2025,Ajara,Detergent Powder 1kg,Household,2,130,94.9,21,,Returning,No,3
B12516,23-02-2025,Nesari,Rice 10kg,Staples,2,620,533.2,16,UPI,Returning,No,5
B11292,02-11-2025,Chandgad,Soft Drink 750ml,Beverages,1,45,35.55,0,UPI,Returning,No,4
B12161,21-11-2025,Nesari,Chocolate Bar,Snacks,1,45,33.3,1,Cash,New,No,5
B12625,10-03-2025,Gadhinglaj,Namkeen 200g,Snacks,7,55,41.8,0,Cash,Returning,No,5
B10530,06-10-2025,Nesari,Detergent Powder 1kg,Household,1,130,94.9,6,Cash,Returning,No,3
B12040,06-05-2025,Ajara,Cooking Oil 1L,Staples,2,145,133.4,30,Card,Returning,No,4
B10713,08-05-2025,Nesari,Rice 10kg,Staples,2,620,533.2,1,Cash,New,No,5
B11489,24-10-2025,Chandgad,Chocolate Bar,Snacks,1,45,33.3,15,UPI,New,No,4
B10694,21-04-2025,Gadhinglaj,Hair Oil 200ml,Personal Care,3,135,82.35,5,Card,New,No,5
B11343,17-07-2025,Chandgad,Paneer 200g,Dairy,6,95,84.55,5,UPI,New,No,5
B11462,29-03-2025,Chandgad,Sugar 1kg,Staples,7,46,40.48,0,UPI,Returning,No,4
B12673,28-04-2025,Nesari,Milk Pouch 500ml,Dairy,3,27,24.57,1,UPI,Returning,No,5
B11429,25-08-2025,Gadhinglaj,Milk Pouch 500ml,Dairy,7,27,24.57,5,UPI,New,No,5
B12923,12-02-2025,Gadhinglaj,Paneer 200g,Dairy,3,95,84.55,15,UPI,Returning,No,5
B12472,23-07-2025,Nesari,Cooking Oil 1L,Staples,3,145,133.4,21,UPI,Returning,No,4
B10039,09-08-2025,Chandgad,Sugar 1kg,Staples,7,46,40.48,0,UPI,Returning,No,4
B12769,18-10-2025,Chandgad,Sugar 1kg,Staples,11,46,40.48,0,UPI,Returning,No,4
B12060,01-09-2025,Chandgad,Toothpaste,Personal Care,8,98,61.74,0,UPI,New,No,3
B10980,27-07-2025,Chandgad,Biscuit Pack,Snacks,10,30,23.4,15,UPI,Returning,No,3
B10049,16-02-2025,Chandgad,Toothpaste,Personal Care,6,98,61.74,0,UPI,Returning,No,4
B10992,13-10-2025,Chandgad,Wafers 100g,Snacks,1,40,30.8,15,Card,New,Yes,5
B12604,19-12-2025,Chandgad,Tur Dal 1kg,Staples,2,155,130.2,0,UPI,Returning,No,5
B10155,30-11-2025,Chandgad,Rice 10kg,Staples,4,620,533.2,0,Cash,Returning,No,4
B11654,27-01-2025,Gadhinglaj,Cooking Oil 1L,Staples,1,145,133.4,15,UPI,New,No,5
B10271,12-10-2025,Gadhinglaj,Butter 100g,Dairy,11,58,52.2,15,UPI,New,No,5
B12171,30-07-2025,Gadhinglaj,Milk Pouch 500ml,Dairy,7,27,24.57,0,UPI,Returning,No,4
B11139,04-04-2025,Gadhinglaj,Shampoo Bottle,Personal Care,3,185,111.0,0,UPI,Returning,Yes,5
B11168,14-06-2025,Ajara,Chocolate Bar,Snacks,1,45,33.3,6,UPI,New,No,2
B11288,20-01-2025,Ajara,Curd 400g,Dairy,4,32,28.8,6,Card,Returning,No,2
B11424,16-03-2025,Nesari,Biscuit Pack,Snacks,1,30,23.4,6,UPI,New,No,4
B12102,25-10-2025,Ajara,Bathing Soap,Personal Care,3,42,26.88,6,UPI,Returning,Yes,4
B11487,08-09-2025,Gadhinglaj,Tea Powder 250g,Beverages,2,135,108.0,5,UPI,Returning,No,4
B12654,05-01-2025,Ajara,Wafers 100g,Snacks,3,40,30.8,16,Cash,New,No,3
B11153,21-12-2025,Nesari,Milk Pouch 500ml,Dairy,4,27,24.57,6,Cash,Returning,No,4
B10475,04-05-2025,Chandgad,Butter 100g,Dairy,8,58,52.2,10,Cash,Returning,No,5
B10347,11-01-2025,Gadhinglaj,Bathing Soap,Personal Care,10,42,26.88,5,Card,New,No,5
B11326,26-12-2025,Ajara,Milk Pouch 500ml,Dairy,2,27,24.57,6,Cash,Returning,No,4
B10480,05-11-2025,Gadhinglaj,Chocolate Bar,Snacks,7,45,33.3,0,UPI,Returning,No,5
B10633,25-12-2025,Gadhinglaj,Detergent Powder 1kg,Household,5,130,94.9,0,UPI,Returning,No,5
B11806,07-06-2025,Chandgad,Tur Dal 1kg,Staples,4,155,130.2,0,Cash,Returning,No,5
B10219,04-02-2025,Chandgad,Curd 400g,Dairy,5,32,28.8,0,Cash,New,No,4
B10923,13-09-2025,Nesari,Curd 400g,Dairy,2,32,28.8,1,Cash,Returning,No,4
B11676,06-10-2025,Chandgad,Sugar 1kg,Staples,8,46,40.48,5,Cash,Returning,No,5
B11690,21-06-2025,Nesari,Chocolate Bar,Snacks,3,45,33.3,1,UPI,Returning,No,3
B12644,09-06-2025,Ajara,Cooking Oil 1L,Staples,2,145,133.4,26,UPI,Returning,No,4
B12587,24-11-2025,Gadhinglaj,Cooking Oil 1L,Staples,3,145,133.4,15,UPI,New,No,5
B10289,18-01-2025,Chandgad,Butter 100g,Dairy,8,58,52.2,0,UPI,New,No,5
B12225,24-11-2025,Ajara,Broom,Household,3,95,66.5,21,Cash,Returning,No,3
B10467,20-09-2025,Gadhinglaj,Rice 10kg,Staples,3,620,533.2,5,Cash,New,No,5
B12571,14-02-2025,Nesari,Bathing Soap,Personal Care,4,42,26.88,1,Card,New,No,4
B10327,11-01-2025,Gadhinglaj,Curd 400g,Dairy,4,32,28.8,0,Card,New,No,5
B10789,24-12-2025,Nesari,Sugar 1kg,Staples,3,46,40.48,16,Card,Returning,No,5
B12044,12-01-2025,Ajara,Curd 400g,Dairy,7,32,28.8,6,Cash,Returning,No,2
B10356,24-05-2025,Nesari,Biscuit Pack,Snacks,8,30,23.4,1,UPI,Returning,No,5
B11034,11-11-2025,Chandgad,Detergent Powder 1kg,Household,3,130,94.9,15,UPI,Returning,No,5
B11422,09-01-2025,Gadhinglaj,Shampoo Bottle,Personal Care,6,185,111.0,0,Cash,Returning,No,5
B11633,17-01-2025,Chandgad,Milk Pouch 500ml,Dairy,3,27,24.57,10,UPI,Returning,No,4
B11609,26-12-2025,Chandgad,Phenyl 500ml,Household,3,72,51.84,10,UPI,Returning,No,5
B12168,27-12-2025,Nesari,Wafers 100g,Snacks,6,40,30.8,1,Cash,Returning,No,4
B11905,13-11-2025,Gadhinglaj,Tea Powder 250g,Beverages,3,135,108.0,0,Cash,Returning,No,5
B10466,31-03-2025,Ajara,Dishwash Bar,Household,5,28,19.88,6,Cash,Returning,No,3
B11405,16-05-2025,Nesari,Tur Dal 1kg,Staples,4,155,130.2,6,UPI,Returning,No,5
B10311,12-12-2025,Chandgad,Phenyl 500ml,Household,2,72,51.84,15,Card,Returning,No,5
B12836,15-09-2025,Gadhinglaj,Shampoo Bottle,Personal Care,3,185,111.0,0,UPI,Returning,No,4
B10437,27-05-2025,Ajara,Cooking Oil 1L,Staples,3,145,133.4,21,Cash,Returning,No,2
B10904,11-08-2025,Chandgad,Curd 400g,Dairy,2,32,28.8,5,Cash,New,No,5
B11977,26-10-2025,Chandgad,Sugar 1kg,Staples,9,46,40.48,5,UPI,Returning,No,5
B11839,11-12-2025,Gadhinglaj,Cooking Oil 1L,Staples,3,145,133.4,10,UPI,New,No,5
B12437,25-08-2025,Gadhinglaj,Butter 100g,Dairy,7,58,52.2,0,UPI,Returning,No,5
B11526,01-11-2025,Chandgad,Detergent Powder 1kg,Household,1,130,94.9,15,Cash,New,No,3
B10383,26-12-2025,Gadhinglaj,Namkeen 200g,Snacks,8,55,41.8,0,UPI,Returning,No,5
B10326,29-03-2025,Chandgad,Biscuit Pack,Snacks,11,30,23.4,0,UPI,Returning,No,4
B10546,02-01-2025,Gadhinglaj,Wheat Flour 5kg,Staples,3,210,178.5,0,UPI,Returning,No,5
B11314,01-11-2025,Gadhinglaj,Hair Oil 200ml,Personal Care,1,135,82.35,0,Cash,New,No,5
B11817,27-01-2025,Chandgad,Milk Pouch 500ml,Dairy,7,27,24.57,5,Card,Returning,No,5
B10382,22-12-2025,Chandgad,Tea Powder 250g,Beverages,3,135,108.0,5,Card,Returning,No,4
B11677,17-03-2025,Chandgad,Dishwash Bar,Household,6,28,19.88,0,UPI,Returning,No,5
B12642,09-12-2025,Chandgad,Namkeen 200g,Snacks,1,55,41.8,10,UPI,Returning,No,4
B10169,21-01-2025,Nesari,Namkeen 200g,Snacks,2,55,41.8,11,Cash,New,No,4
B11510,15-11-2025,Chandgad,Soft Drink 750ml,Beverages,10,45,35.55,5,Cash,New,No,4
B12977,29-12-2025,Nesari,Dishwash Bar,Household,8,28,19.88,1,Card,New,No,5
B11319,14-11-2025,Gadhinglaj,Milk Pouch 500ml,Dairy,3,27,24.57,0,UPI,New,No,4
B11143,06-01-2025,Nesari,Namkeen 200g,Snacks,4,55,41.8,11,Card,Returning,No,5
B11029,10-12-2025,Gadhinglaj,Milk Pouch 500ml,Dairy,7,27,24.57,0,UPI,Returning,No,5
B12939,21-11-2025,Chandgad,Milk Pouch 500ml,Dairy,5,27,24.57,10,Cash,New,No,4
B10046,11-12-2025,Chandgad,Tea Powder 250g,Beverages,2,135,108.0,15,Cash,Returning,No,4
B10418,13-05-2025,Nesari,Detergent Powder 1kg,Household,5,130,94.9,6,UPI,Returning,No,3
B11579,27-02-2025,Chandgad,Milk Pouch 500ml,Dairy,1,27,24.57,10,Cash,Returning,No,5
B10806,25-04-2025,Nesari,Paneer 200g,Dairy,2,95,84.55,1,UPI,New,No,5
B12543,10-11-2025,Chandgad,Paneer 200g,Dairy,4,95,84.55,5,UPI,New,No,5
B10164,02-07-2025,Nesari,Bathing Soap,Personal Care,3,42,26.88,6,Cash,New,No,5
B11804,24-11-2025,Nesari,Wafers 100g,Snacks,1,40,30.8,1,UPI,Returning,No,5
B12436,27-02-2025,Gadhinglaj,Broom,Household,2,95,66.5,5,UPI,Returning,No,5
B12071,22-10-2025,Gadhinglaj,Namkeen 200g,Snacks,7,55,41.8,5,UPI,Returning,No,5
B12526,21-02-2025,Chandgad,Biscuit Pack,Snacks,4,30,23.4,0,Cash,Returning,No,3
B12763,02-09-2025,Gadhinglaj,Detergent Powder 1kg,Household,3,130,94.9,5,Cash,Returning,No,5
B12866,10-09-2025,Gadhinglaj,Milk Pouch 500ml,Dairy,8,27,24.57,10,UPI,Returning,No,5
B10786,21-08-2025,Chandgad,Detergent Powder 1kg,Household,4,130,94.9,5,UPI,Returning,Yes,4
B10846,27-07-2025,Nesari,Curd 400g,Dairy,9,32,28.8,6,Cash,Returning,No,5
B12248,13-11-2025,Chandgad,Toothpaste,Personal Care,5,98,61.74,0,Cash,Returning,No,4
B10295,26-12-2025,Chandgad,Curd 400g,Dairy,8,32,28.8,0,Cash,Returning,No,5
B12936,09-04-2025,Nesari,Paneer 200g,Dairy,3,95,84.55,1,Cash,Returning,No,4
B10188,28-02-2025,Gadhinglaj,Shampoo Bottle,Personal Care,3,185,111.0,0,UPI,Returning,No,5
B11048,02-10-2025,Chandgad,Milk Pouch 500ml,Dairy,5,27,24.57,0,Cash,New,No,4
B11601,27-10-2025,Chandgad,Bathing Soap,Personal Care,5,42,26.88,0,UPI,New,No,5
B10320,10-09-2025,Ajara,Namkeen 200g,Snacks,7,55,41.8,11,Cash,Returning,No,4
B12341,20-12-2025,Gadhinglaj,Wheat Flour 5kg,Staples,2,210,178.5,15,Card,Returning,No,5
B12895,22-05-2025,Nesari,Cooking Oil 1L,Staples,4,145,133.4,11,Cash,Returning,No,5
B10590,23-05-2025,Chandgad,Cooking Oil 1L,Staples,4,145,133.4,15,,Returning,No,3
B10481,29-10-2025,Ajara,Cooking Oil 1L,Staples,3,145,133.4,16,UPI,New,No,4
B11759,24-07-2025,Gadhinglaj,Curd 400g,Dairy,8,32,28.8,10,UPI,Returning,No,4
B11124,30-09-2025,Gadhinglaj,Milk Pouch 500ml,Dairy,2,27,24.57,15,UPI,Returning,No,5
B11768,11-05-2025,Ajara,Milk Pouch 500ml,Dairy,7,27,24.57,11,Card,Returning,No,4
B10771,04-07-2025,Gadhinglaj,Tea Powder 250g,Beverages,5,135,108.0,10,Cash,Returning,No,4
B12982,05-04-2025,Gadhinglaj,Milk Pouch 500ml,Dairy,2,27,24.57,5,UPI,Returning,No,5
B12790,13-08-2025,Nesari,Detergent Powder 1kg,Household,2,130,94.9,6,UPI,Returning,No,4
B12427,27-04-2025,Ajara,Instant Coffee 50g,Beverages,3,195,150.15,16,Card,New,No,2
B10191,02-05-2025,Ajara,Biscuit Pack,Snacks,4,30,23.4,16,UPI,Returning,No,4
B12460,10-02-2025,Nesari,Curd 400g,Dairy,5,32,28.8,6,Cash,Returning,No,5
B10469,21-09-2025,Chandgad,Dishwash Bar,Household,11,28,19.88,0,Cash,Returning,No,4
B11246,25-03-2025,Gadhinglaj,Tur Dal 1kg,Staples,2,155,130.2,5,UPI,New,No,4
B10883,12-10-2025,Nesari,Broom,Household,5,95,66.5,6,Card,New,No,4
B11874,01-10-2025,Nesari,Wafers 100g,Snacks,5,40,30.8,1,UPI,Returning,No,4
B12940,15-11-2025,Chandgad,Sugar 1kg,Staples,6,46,40.48,5,UPI,Returning,No,5
B10240,12-09-2025,Gadhinglaj,Rice 10kg,Staples,2,620,533.2,15,Cash,New,No,5
B11447,02-10-2025,Nesari,Paneer 200g,Dairy,5,95,84.55,16,UPI,Returning,No,3
B10651,13-08-2025,Gadhinglaj,Milk Pouch 500ml,Dairy,3,27,24.57,5,Card,New,No,5
B10588,28-02-2025,Gadhinglaj,Bathing Soap,Personal Care,4,42,26.88,0,Cash,Returning,No,5
B10658,12-12-2025,Gadhinglaj,Bathing Soap,Personal Care,8,42,26.88,0,Cash,Returning,No,5
B12214,01-01-2025,Ajara,Toothpaste,Personal Care,4,98,61.74,6,UPI,New,Yes,4
B12213,04-07-2025,Gadhinglaj,Shampoo Bottle,Personal Care,3,185,111.0,5,UPI,New,No,4
B11774,14-06-2025,Nesari,Rice 10kg,Staples,2,620,533.2,11,Cash,New,No,3
B10068,05-04-2025,Chandgad,Sugar 1kg,Staples,2,46,40.48,0,Cash,Returning,No,5
B11198,02-05-2025,Nesari,Wheat Flour 5kg,Staples,3,210,178.5,6,Cash,Returning,No,4
B11967,23-11-2025,Chandgad,Broom,Household,6,95,66.5,5,Cash,Returning,No,4
B12785,17-11-2025,Nesari,Tur Dal 1kg,Staples,1,155,130.2,16,UPI,Returning,No,4
B12495,30-06-2025,Gadhinglaj,Chocolate Bar,Snacks,6,45,33.3,5,UPI,Returning,No,5
B11938,07-03-2025,Chandgad,Soft Drink 750ml,Beverages,5,45,35.55,0,UPI,Returning,No,5
B12154,10-05-2025,Gadhinglaj,Rice 10kg,Staples,3,620,533.2,10,Card,New,No,5
B11614,13-08-2025,Nesari,Namkeen 200g,Snacks,5,55,41.8,1,UPI,Returning,No,4
B11129,21-11-2025,Chandgad,Biscuit Pack,Snacks,3,30,23.4,5,Cash,New,No,5
B11108,14-08-2025,Ajara,Cooking Oil 1L,Staples,1,145,133.4,26,Card,New,No,4
B12309,23-02-2025,Ajara,Shampoo Bottle,Personal Care,1,185,111.0,6,UPI,New,No,4
B12880,12-09-2025,Chandgad,Tur Dal 1kg,Staples,2,155,130.2,5,Card,New,No,5
B10834,03-09-2025,Chandgad,Wheat Flour 5kg,Staples,3,210,178.5,5,Cash,New,No,5
B12243,30-05-2025,Chandgad,Namkeen 200g,Snacks,1,55,41.8,5,UPI,Returning,No,4
B10647,15-05-2025,Gadhinglaj,Bathing Soap,Personal Care,1,42,26.88,0,Cash,New,No,5
B10108,03-08-2025,Ajara,Milk Pouch 500ml,Dairy,6,27,24.57,11,Cash,Returning,Yes,4
B10462,12-08-2025,Gadhinglaj,Face Cream,Personal Care,2,165,102.3,0,UPI,Returning,No,2
B11355,03-01-2025,Ajara,Milk Pouch 500ml,Dairy,1,27,24.57,6,Cash,New,No,2
B11483,03-10-2025,Chandgad,Toothpaste,Personal Care,2,98,61.74,0,Card,Returning,No,5
B12506,25-06-2025,Gadhinglaj,Wheat Flour 5kg,Staples,2,210,178.5,0,Card,New,No,5
B11796,19-07-2025,Ajara,Chocolate Bar,Snacks,7,45,33.3,11,UPI,New,No,4
B12400,12-05-2025,Gadhinglaj,Sugar 1kg,Staples,1,46,40.48,10,UPI,New,No,5
B12794,02-09-2025,Chandgad,Face Cream,Personal Care,3,165,102.3,0,Card,New,No,1
B11327,05-04-2025,Nesari,Milk Pouch 500ml,Dairy,8,27,24.57,1,Card,Returning,No,5
B12479,09-04-2025,Nesari,Paneer 200g,Dairy,7,95,84.55,1,Card,Returning,No,5
B11134,11-06-2025,Chandgad,Milk Pouch 500ml,Dairy,7,27,24.57,15,Cash,New,No,5
B10808,16-03-2025,Chandgad,Wheat Flour 5kg,Staples,3,210,178.5,10,Cash,Returning,No,3
B12390,27-06-2025,Gadhinglaj,Dishwash Bar,Household,9,28,19.88,5,Card,New,No,5
B10996,26-08-2025,Nesari,Butter 100g,Dairy,3,58,52.2,1,UPI,New,No,
B10906,02-09-2025,Chandgad,Tur Dal 1kg,Staples,4,155,130.2,0,Cash,New,No,5
B12636,22-07-2025,Ajara,Tur Dal 1kg,Staples,2,155,130.2,11,UPI,New,No,3
B12028,22-03-2025,Nesari,Tea Powder 250g,Beverages,4,135,108.0,6,Card,Returning,No,5
B10178,22-11-2025,Gadhinglaj,Curd 400g,Dairy,7,32,28.8,0,Card,New,No,4
B12764,30-11-2025,Ajara,Paneer 200g,Dairy,7,95,84.55,21,UPI,New,No,3
B12774,28-05-2025,Gadhinglaj,Milk Pouch 500ml,Dairy,6,27,24.57,0,UPI,Returning,No,5
B10008,15-09-2025,Chandgad,Detergent Powder 1kg,Household,2,130,94.9,0,Card,Returning,No,5
B11323,04-10-2025,Gadhinglaj,Broom,Household,8,95,66.5,0,Card,Returning,No,5
B10246,07-10-2025,Gadhinglaj,Biscuit Pack,Snacks,7,30,23.4,0,UPI,Returning,No,5
B12120,02-08-2025,Ajara,Chocolate Bar,Snacks,3,45,33.3,11,Card,New,No,3
B11645,31-05-2025,Nesari,Rice 10kg,Staples,2,620,533.2,1,Cash,Returning,No,3
B11711,01-05-2025,Gadhinglaj,Dishwash Bar,Household,7,28,19.88,5,Cash,New,No,4
B10672,06-11-2025,Nesari,Sugar 1kg,Staples,4,46,40.48,1,Cash,Returning,No,5
B12605,23-09-2025,Ajara,Chocolate Bar,Snacks,4,45,33.3,6,Cash,New,No,2
B11452,17-08-2025,Gadhinglaj,Sugar 1kg,Staples,7,46,40.48,0,UPI,New,No,4
B11562,16-11-2025,Gadhinglaj,Sugar 1kg,Staples,1,46,40.48,0,Card,Returning,No,5
B12227,18-07-2025,Ajara,Cooking Oil 1L,Staples,4,145,133.4,30,UPI,Returning,No,3
B10536,29-10-2025,Gadhinglaj,Broom,Household,9,95,66.5,0,UPI,New,No,5
B11976,14-11-2025,Chandgad,Detergent Powder 1kg,Household,3,130,94.9,0,Cash,Returning,No,5
B10342,19-07-2025,Nesari,Phenyl 500ml,Household,2,72,51.84,6,UPI,Returning,No,4
B12973,12-05-2025,Nesari,Curd 400g,Dairy,8,32,28.8,1,Cash,Returning,No,3
B11950,14-11-2025,Chandgad,Tea Powder 250g,Beverages,2,135,108.0,5,UPI,Returning,No,5
B10277,02-05-2025,Chandgad,Curd 400g,Dairy,3,32,28.8,5,Card,Returning,No,
B11208,07-10-2025,Gadhinglaj,Milk Pouch 500ml,Dairy,2,27,24.57,15,UPI,Returning,No,5
B10097,16-05-2025,Nesari,Biscuit Pack,Snacks,7,30,23.4,11,UPI,Returning,No,4
B12951,19-06-2025,Chandgad,Biscuit Pack,Snacks,1,30,23.4,0,Card,Returning,No,4
B11110,25-04-2025,Gadhinglaj,Dishwash Bar,Household,5,28,19.88,15,UPI,New,No,5
B10345,26-10-2025,Gadhinglaj,Tea Powder 250g,Beverages,6,135,108.0,5,UPI,New,No,4
B12889,24-09-2025,Gadhinglaj,Soft Drink 750ml,Beverages,3,45,35.55,0,UPI,Returning,No,4
B12268,17-03-2025,Nesari,Wheat Flour 5kg,Staples,3,210,178.5,1,Cash,Returning,No,5
B12075,01-06-2025,Gadhinglaj,Namkeen 200g,Snacks,5,55,41.8,5,UPI,Returning,No,4
B12151,05-05-2025,Nesari,Butter 100g,Dairy,4,58,52.2,11,Cash,Returning,No,3
B11760,11-09-2025,Nesari,Soft Drink 750ml,Beverages,3,45,35.55,6,Card,New,No,5
B10492,18-03-2025,Gadhinglaj,Namkeen 200g,Snacks,6,55,41.8,15,UPI,Returning,No,5
B11133,06-04-2025,Nesari,Curd 400g,Dairy,1,32,28.8,1,Cash,Returning,No,4
B12575,08-08-2025,Nesari,Milk Pouch 500ml,Dairy,5,27,24.57,1,Cash,New,No,3
B12860,13-11-2025,Ajara,Curd 400g,Dairy,2,32,28.8,6,Cash,Returning,No,3
B10130,02-02-2025,Chandgad,Hair Oil 200ml,Personal Care,1,135,82.35,5,Card,Returning,No,5
B11345,27-11-2025,Gadhinglaj,Biscuit Pack,Snacks,1,30,23.4,10,UPI,New,No,5
B12935,12-03-2025,Chandgad,Milk Pouch 500ml,Dairy,3,27,24.57,5,UPI,New,No,5
B11151,28-07-2025,Chandgad,Sugar 1kg,Staples,5,46,40.48,0,Cash,New,No,5
B12218,05-04-2025,Nesari,Tea Powder 250g,Beverages,5,135,108.0,1,Cash,New,No,5
B11585,05-04-2025,Chandgad,Rice 10kg,Staples,1,620,533.2,5,UPI,New,No,5
B12187,10-09-2025,Gadhinglaj,Tur Dal 1kg,Staples,3,155,130.2,0,Card,Returning,No,5
B10549,10-06-2025,Chandgad,Soft Drink 750ml,Beverages,3,45,35.55,5,Cash,Returning,Yes,3
B10560,30-03-2025,Gadhinglaj,Cooking Oil 1L,Staples,4,145,133.4,20,UPI,New,No,5
B12402,01-09-2025,Ajara,Butter 100g,Dairy,4,58,52.2,6,Card,New,No,4
B12026,06-10-2025,Chandgad,Toothpaste,Personal Care,8,98,61.74,5,Cash,Returning,No,4
B11030,11-11-2025,Gadhinglaj,Paneer 200g,Dairy,8,95,84.55,5,UPI,Returning,No,5
B11729,15-06-2025,Gadhinglaj,Soft Drink 750ml,Beverages,7,45,35.55,5,UPI,Returning,No,5
B11820,18-02-2025,Gadhinglaj,Biscuit Pack,Snacks,2,30,23.4,0,UPI,New,No,5
B12615,27-04-2025,Ajara,Milk Pouch 500ml,Dairy,5,27,24.57,6,UPI,Returning,No,3
B12924,17-11-2025,Gadhinglaj,Instant Coffee 50g,Beverages,1,195,150.15,10,UPI,Returning,No,5
B11636,11-10-2025,Gadhinglaj,Soft Drink 750ml,Beverages,9,45,35.55,10,UPI,Returning,No,5
B11043,06-07-2025,Ajara,Curd 400g,Dairy,5,32,28.8,6,Cash,Returning,No,3
B12854,10-09-2025,Chandgad,Shampoo Bottle,Personal Care,1,185,111.0,0,Cash,Returning,No,5
B12816,14-09-2025,Nesari,Biscuit Pack,Snacks,2,30,23.4,1,Cash,Returning,No,5
B11927,10-11-2025,Nesari,Butter 100g,Dairy,3,58,52.2,1,Cash,Returning,No,4
B12231,24-12-2025,Gadhinglaj,Rice 10kg,Staples,3,620,533.2,10,UPI,Returning,No,5
B10687,06-10-2025,Gadhinglaj,Tur Dal 1kg,Staples,5,155,130.2,0,Card,New,No,5
B10160,15-06-2025,Gadhinglaj,Detergent Powder 1kg,Household,6,130,94.9,5,Cash,New,No,5
B10889,29-03-2025,Gadhinglaj,Butter 100g,Dairy,4,58,52.2,5,UPI,Returning,No,5
B12677,12-08-2025,Chandgad,Shampoo Bottle,Personal Care,3,185,111.0,0,UPI,Returning,No,4
B11799,12-06-2025,Chandgad,Milk Pouch 500ml,Dairy,6,27,24.57,0,Card,Returning,No,4
B11867,09-11-2025,Gadhinglaj,Tur Dal 1kg,Staples,3,155,130.2,0,Card,Returning,No,5
B12021,26-07-2025,Chandgad,Milk Pouch 500ml,Dairy,1,27,24.57,0,Cash,New,No,4
B10697,02-05-2025,Chandgad,Phenyl 500ml,Household,4,72,51.84,15,UPI,New,No,4
B12839,14-11-2025,Gadhinglaj,Dishwash Bar,Household,9,28,19.88,5,UPI,New,No,5
B12077,07-06-2025,Ajara,Rice 10kg,Staples,4,620,533.2,16,UPI,Returning,No,3
B12896,04-12-2025,Ajara,Tur Dal 1kg,Staples,1,155,130.2,16,Cash,New,No,4
B11491,08-04-2025,Nesari,Paneer 200g,Dairy,8,95,84.55,6,Card,Returning,No,5
B11165,26-02-2025,Gadhinglaj,Paneer 200g,Dairy,3,95,84.55,0,UPI,Returning,Yes,5
B10761,21-01-2025,Gadhinglaj,Paneer 200g,Dairy,3,95,84.55,0,UPI,Returning,No,5
B12873,07-04-2025,Nesari,Biscuit Pack,Snacks,6,30,23.4,6,Cash,Returning,No,4
B11538,13-11-2025,Nesari,Shampoo Bottle,Personal Care,2,185,111.0,6,Cash,New,No,5
B12902,10-08-2025,Chandgad,Sugar 1kg,Staples,7,46,40.48,5,Card,Returning,No,4
B12054,31-05-2025,Chandgad,Tur Dal 1kg,Staples,2,155,130.2,5,Cash,New,No,5
B10317,27-06-2025,Gadhinglaj,Butter 100g,Dairy,3,58,52.2,5,Cash,Returning,No,4
B12885,09-11-2025,Ajara,Curd 400g,Dairy,4,32,28.8,11,Cash,New,No,3
B11216,19-05-2025,Nesari,Soft Drink 750ml,Beverages,2,45,35.55,1,Cash,Returning,No,3
B12628,11-01-2025,Ajara,Curd 400g,Dairy,2,32,28.8,21,Cash,Returning,No,4
B11056,11-02-2025,Chandgad,Milk Pouch 500ml,Dairy,6,27,24.57,0,UPI,Returning,No,5
B10505,10-08-2025,Chandgad,Biscuit Pack,Snacks,2,30,23.4,10,UPI,Returning,No,5
B10364,12-11-2025,Chandgad,Toothpaste,Personal Care,5,98,61.74,5,Cash,Returning,No,4
B11746,19-09-2025,Ajara,Wheat Flour 5kg,Staples,2,210,178.5,16,Card,Returning,No,3
B10814,19-03-2025,Ajara,Phenyl 500ml,Household,4,72,51.84,6,Card,Returning,No,3
B11742,02-12-2025,Chandgad,Shampoo Bottle,Personal Care,3,185,111.0,0,UPI,Returning,No,5
B11923,28-11-2025,Gadhinglaj,Broom,Household,2,95,66.5,0,Card,Returning,No,5
B10758,07-10-2025,Nesari,Milk Pouch 500ml,Dairy,8,27,24.57,11,Cash,Returning,No,5
B12622,09-09-2025,Nesari,Sugar 1kg,Staples,3,46,40.48,1,Card,New,Yes,4
B12770,20-07-2025,Chandgad,Hair Oil 200ml,Personal Care,4,135,82.35,0,Cash,New,No,5
B10921,25-03-2025,Gadhinglaj,Butter 100g,Dairy,2,58,52.2,10,UPI,Returning,No,5
B11412,14-08-2025,Nesari,Detergent Powder 1kg,Household,2,130,94.9,11,Cash,New,No,4
B11020,15-09-2025,Gadhinglaj,Hair Oil 200ml,Personal Care,5,135,82.35,0,Cash,New,No,5
B11603,07-11-2025,Chandgad,Bathing Soap,Personal Care,5,42,26.88,0,Cash,New,No,5
B11217,25-12-2025,Gadhinglaj,Namkeen 200g,Snacks,2,55,41.8,0,UPI,Returning,Yes,5
B11189,07-10-2025,Chandgad,Curd 400g,Dairy,5,32,28.8,5,UPI,Returning,No,5
B10648,25-05-2025,Ajara,Tur Dal 1kg,Staples,2,155,130.2,11,UPI,New,No,2
B12264,06-12-2025,Nesari,Sugar 1kg,Staples,5,46,40.48,1,Cash,New,No,4
B10654,29-03-2025,Gadhinglaj,Detergent Powder 1kg,Household,1,130,94.9,5,UPI,Returning,No,5
B10860,07-09-2025,Chandgad,Wafers 100g,Snacks,1,40,30.8,15,Cash,New,No,4
B11389,24-11-2025,Nesari,Soft Drink 750ml,Beverages,5,45,35.55,1,UPI,Returning,No,4
B10373,24-08-2025,Gadhinglaj,Tea Powder 250g,Beverages,1,135,108.0,10,UPI,New,No,4
B11503,13-02-2025,Chandgad,Phenyl 500ml,Household,5,72,51.84,10,UPI,Returning,No,5
B10612,25-01-2025,Gadhinglaj,Wheat Flour 5kg,Staples,4,210,178.5,5,Card,Returning,No,5
B11418,06-04-2025,Nesari,Broom,Household,8,95,66.5,6,Cash,Returning,No,5
B12180,14-04-2025,Gadhinglaj,Biscuit Pack,Snacks,7,30,23.4,5,Cash,Returning,No,5
B12765,02-04-2025,Nesari,Shampoo Bottle,Personal Care,1,185,111.0,6,UPI,New,No,4
B11764,15-04-2025,Chandgad,Hair Oil 200ml,Personal Care,4,135,82.35,0,UPI,Returning,No,5
B12875,09-10-2025,Nesari,Toothpaste,Personal Care,8,98,61.74,1,Cash,Returning,No,4
B12974,09-09-2025,Gadhinglaj,Sugar 1kg,Staples,7,46,40.48,0,UPI,New,No,4
B11678,07-01-2025,Chandgad,Curd 400g,Dairy,5,32,28.8,5,Cash,New,No,4
B12336,03-08-2025,Gadhinglaj,Biscuit Pack,Snacks,11,30,23.4,5,UPI,New,No,5
B10868,16-09-2025,Chandgad,Tur Dal 1kg,Staples,3,155,130.2,15,Cash,Returning,No,5
B12637,29-11-2025,Gadhinglaj,Wheat Flour 5kg,Staples,1,210,178.5,5,UPI,New,No,5
B10610,19-02-2025,Nesari,Tur Dal 1kg,Staples,2,155,130.2,6,UPI,Returning,No,4
B12608,01-09-2025,Chandgad,Biscuit Pack,Snacks,6,30,23.4,15,Card,Returning,No,4
B12511,07-09-2025,Gadhinglaj,Milk Pouch 500ml,Dairy,6,27,24.57,0,UPI,Returning,No,5
B11024,02-09-2025,Nesari,Dishwash Bar,Household,4,28,19.88,1,Cash,Returning,No,4
B10585,26-11-2025,Chandgad,Chocolate Bar,Snacks,8,45,33.3,0,Cash,Returning,No,4
B11647,13-04-2025,Chandgad,Curd 400g,Dairy,9,32,28.8,10,UPI,Returning,No,4
B10249,19-10-2025,Chandgad,Cooking Oil 1L,Staples,4,145,133.4,15,Cash,Returning,No,3
B10455,28-04-2025,Chandgad,Rice 10kg,Staples,3,620,533.2,0,UPI,Returning,No,
B11990,07-12-2025,Gadhinglaj,Shampoo Bottle,Personal Care,4,185,111.0,0,UPI,New,No,5
B11876,27-08-2025,Nesari,Dishwash Bar,Household,2,28,19.88,16,UPI,New,No,5
B10797,12-07-2025,Gadhinglaj,Chocolate Bar,Snacks,5,45,33.3,0,UPI,Returning,No,5
B11587,09-09-2025,Gadhinglaj,Namkeen 200g,Snacks,1,55,41.8,10,Cash,Returning,No,5
B12224,28-01-2025,Nesari,Biscuit Pack,Snacks,5,30,23.4,1,Card,Returning,No,4
B12715,17-01-2025,Ajara,Rice 10kg,Staples,3,620,533.2,6,UPI,Returning,No,4
B12933,24-09-2025,Gadhinglaj,Butter 100g,Dairy,7,58,52.2,15,Card,Returning,No,5
B11227,17-09-2025,Chandgad,Curd 400g,Dairy,6,32,28.8,15,Cash,Returning,No,5
B10668,16-02-2025,Nesari,Milk Pouch 500ml,Dairy,1,27,24.57,1,Cash,Returning,No,5
B12943,14-01-2025,Nesari,Milk Pouch 500ml,Dairy,2,27,24.57,1,Cash,Returning,No,4
B10535,03-07-2025,Ajara,Sugar 1kg,Staples,1,46,40.48,11,Card,Returning,No,3
B12329,28-04-2025,Chandgad,Bathing Soap,Personal Care,6,42,26.88,0,Card,Returning,No,4
B11158,13-10-2025,Gadhinglaj,Biscuit Pack,Snacks,8,30,23.4,0,UPI,Returning,No,5
B12525,13-09-2025,Gadhinglaj,Butter 100g,Dairy,3,58,52.2,10,Cash,New,No,4
B11740,21-10-2025,Ajara,Curd 400g,Dairy,3,32,28.8,6,Card,Returning,No,4
B10222,04-06-2025,Chandgad,Soft Drink 750ml,Beverages,3,45,35.55,15,Cash,Returning,No,5
B12533,13-02-2025,Ajara,Milk Pouch 500ml,Dairy,4,27,24.57,6,Card,Returning,No,4
B12960,06-01-2025,Ajara,Detergent Powder 1kg,Household,1,130,94.9,21,Cash,Returning,No,3
B11339,10-11-2025,Gadhinglaj,Namkeen 200g,Snacks,8,55,41.8,0,UPI,New,No,5
B10608,30-05-2025,Nesari,Milk Pouch 500ml,Dairy,3,27,24.57,6,UPI,New,No,3
B12704,21-02-2025,Gadhinglaj,Wafers 100g,Snacks,3,40,30.8,5,Cash,Returning,No,5
B11088,05-06-2025,Chandgad,Paneer 200g,Dairy,3,95,84.55,5,UPI,Returning,No,4
B11863,01-05-2025,Ajara,Biscuit Pack,Snacks,4,30,23.4,6,Cash,Returning,No,4
B11244,08-10-2025,Ajara,Tea Powder 250g,Beverages,1,135,108.0,6,Cash,Returning,No,4
B11320,25-06-2025,Chandgad,Wafers 100g,Snacks,4,40,30.8,5,Cash,Returning,No,5
B11890,08-10-2025,Chandgad,Cooking Oil 1L,Staples,4,145,133.4,25,Cash,New,No,4
B10294,24-12-2025,Nesari,Biscuit Pack,Snacks,5,30,23.4,16,Cash,New,No,4
B10412,24-10-2025,Gadhinglaj,Milk Pouch 500ml,Dairy,2,27,24.57,0,Cash,Returning,No,4
B10892,05-05-2025,Nesari,Soft Drink 750ml,Beverages,4,45,35.55,1,Cash,New,No,4
B11494,23-10-2025,Gadhinglaj,Sugar 1kg,Staples,8,46,40.48,0,UPI,New,No,4
B12987,12-04-2025,Gadhinglaj,Cooking Oil 1L,Staples,3,145,133.4,25,UPI,Returning,No,5
B10303,18-03-2025,Nesari,Tur Dal 1kg,Staples,1,155,130.2,1,UPI,Returning,No,5
B12137,30-10-2025,Gadhinglaj,Broom,Household,3,95,66.5,0,Card,New,No,5
B10578,21-02-2025,Gadhinglaj,Milk Pouch 500ml,Dairy,2,27,24.57,5,Cash,Returning,No,5
B12502,28-03-2025,Gadhinglaj,Cooking Oil 1L,Staples,3,145,133.4,25,UPI,Returning,No,5
B12651,17-05-2025,Nesari,Dishwash Bar,Household,8,28,19.88,1,Card,New,No,4
B10057,18-04-2025,Gadhinglaj,Butter 100g,Dairy,8,58,52.2,0,Card,Returning,No,5
B10521,30-05-2025,Chandgad,Cooking Oil 1L,Staples,3,145,133.4,25,UPI,Returning,No,5
B10142,17-02-2025,Nesari,Butter 100g,Dairy,9,58,52.2,1,Cash,Returning,No,5
B11171,18-05-2025,Gadhinglaj,Soft Drink 750ml,Beverages,8,45,35.55,5,UPI,Returning,No,5
B10793,02-12-2025,Nesari,Wafers 100g,Snacks,4,40,30.8,11,UPI,New,No,4
B11282,23-10-2025,Gadhinglaj,Cooking Oil 1L,Staples,1,145,133.4,20,UPI,New,No,5
B10978,28-05-2025,Nesari,Wheat Flour 5kg,Staples,3,210,178.5,6,UPI,New,No,5
B12103,13-01-2025,Nesari,Cooking Oil 1L,Staples,2,145,133.4,21,Cash,Returning,No,3
B10683,17-04-2025,Nesari,Wafers 100g,Snacks,5,40,30.8,6,UPI,Returning,No,4
B10306,02-05-2025,Chandgad,Tur Dal 1kg,Staples,4,155,130.2,10,Card,Returning,No,3
B10538,09-03-2025,Nesari,Milk Pouch 500ml,Dairy,1,27,24.57,6,Card,New,No,5
B10506,09-04-2025,Gadhinglaj,Tur Dal 1kg,Staples,2,155,130.2,0,UPI,New,No,5
B12052,30-07-2025,Ajara,Toothpaste,Personal Care,6,98,61.74,6,Cash,Returning,No,3
B10286,12-04-2025,Ajara,Cooking Oil 1L,Staples,1,145,133.4,26,UPI,New,No,3
B12272,12-11-2025,Gadhinglaj,Milk Pouch 500ml,Dairy,8,27,24.57,15,Cash,New,No,5
B12867,03-09-2025,Chandgad,Broom,Household,7,95,66.5,5,UPI,New,No,5
B12559,14-11-2025,Chandgad,Phenyl 500ml,Household,1,72,51.84,0,Cash,New,No,4
B10292,07-09-2025,Ajara,Tea Powder 250g,Beverages,3,135,108.0,11,Cash,Returning,No,4
B12850,19-05-2025,Nesari,Rice 10kg,Staples,2,620,533.2,11,UPI,Returning,No,5
B10628,03-10-2025,Gadhinglaj,Instant Coffee 50g,Beverages,1,195,150.15,0,UPI,Returning,No,5
B12041,09-04-2025,Gadhinglaj,Chocolate Bar,Snacks,2,45,33.3,5,Cash,New,No,5
B11513,04-02-2025,Gadhinglaj,Biscuit Pack,Snacks,2,30,23.4,5,Cash,Returning,No,5
B12366,09-09-2025,Gadhinglaj,Milk Pouch 500ml,Dairy,6,27,24.57,5,UPI,New,No,5
B12485,02-03-2025,Chandgad,Curd 400g,Dairy,3,32,28.8,0,Cash,Returning,No,4
B10304,01-04-2025,Chandgad,Tur Dal 1kg,Staples,3,155,130.2,5,Cash,Returning,No,5
B11658,07-05-2025,Ajara,Cooking Oil 1L,Staples,2,145,133.4,26,Card,Returning,No,4
B10251,25-01-2025,Gadhinglaj,Detergent Powder 1kg,Household,3,130,94.9,0,Card,Returning,No,5
B12574,27-03-2025,Gadhinglaj,Detergent Powder 1kg,Household,5,130,94.9,0,UPI,New,No,5
B10313,28-09-2025,Chandgad,Chocolate Bar,Snacks,3,45,33.3,0,Cash,Returning,No,5
B11163,01-04-2025,Gadhinglaj,Shampoo Bottle,Personal Care,1,185,111.0,0,Card,New,No,5
B12592,22-08-2025,Chandgad,Biscuit Pack,Snacks,4,30,23.4,5,Card,Returning,No,4
B10426,22-11-2025,Ajara,Biscuit Pack,Snacks,5,30,23.4,6,Cash,New,No,2
B12591,16-01-2025,Gadhinglaj,Chocolate Bar,Snacks,4,45,33.3,0,UPI,Returning,No,5
B12954,27-06-2025,Ajara,Curd 400g,Dairy,2,32,28.8,16,UPI,Returning,No,
B12509,20-01-2025,Gadhinglaj,Shampoo Bottle,Personal Care,2,185,111.0,0,Card,New,No,5
B10103,19-02-2025,Ajara,Chocolate Bar,Snacks,5,45,33.3,6,Cash,Returning,No,4
B12034,04-12-2025,Gadhinglaj,Cooking Oil 1L,Staples,3,145,133.4,15,UPI,Returning,No,5
B12925,06-08-2025,Gadhinglaj,Butter 100g,Dairy,3,58,52.2,10,Card,Returning,No,5
B10987,16-09-2025,Chandgad,Curd 400g,Dairy,1,32,28.8,10,UPI,Returning,No,5
B11484,21-02-2025,Gadhinglaj,Wheat Flour 5kg,Staples,5,210,178.5,10,Card,New,No,4
B11393,08-11-2025,Chandgad,Soft Drink 750ml,Beverages,3,45,35.55,0,Cash,Returning,No,5
B11664,08-11-2025,Chandgad,Milk Pouch 500ml,Dairy,8,27,24.57,0,Cash,Returning,No,5
B10453,02-02-2025,Nesari,Milk Pouch 500ml,Dairy,3,27,24.57,1,Cash,Returning,No,4
B11443,12-06-2025,Chandgad,Tea Powder 250g,Beverages,2,135,108.0,5,UPI,New,No,3
B12480,31-12-2025,Chandgad,Hair Oil 200ml,Personal Care,3,135,82.35,0,Cash,New,No,4
B10756,28-05-2025,Ajara,Wheat Flour 5kg,Staples,1,210,178.5,11,UPI,New,No,4
B12513,02-01-2025,Nesari,Cooking Oil 1L,Staples,3,145,133.4,11,Cash,New,No,3
B12082,28-10-2025,Chandgad,Biscuit Pack,Snacks,2,30,23.4,5,Cash,New,No,3
B11558,16-07-2025,Gadhinglaj,Chocolate Bar,Snacks,1,45,33.3,0,UPI,Returning,No,5
B10650,05-06-2025,Gadhinglaj,Namkeen 200g,Snacks,2,55,41.8,0,Cash,Returning,No,5
B10586,19-02-2025,Chandgad,Tea Powder 250g,Beverages,3,135,108.0,10,Cash,Returning,No,4
B11085,18-11-2025,Gadhinglaj,Milk Pouch 500ml,Dairy,8,27,24.57,0,Cash,Returning,No,5
B10088,16-05-2025,Gadhinglaj,Namkeen 200g,Snacks,7,55,41.8,10,UPI,Returning,No,5
B12879,01-05-2025,Nesari,Dishwash Bar,Household,2,28,19.88,16,Cash,New,No,5
B11934,06-03-2025,Chandgad,Soft Drink 750ml,Beverages,4,45,35.55,5,Card,Returning,No,5
B10486,11-02-2025,Gadhinglaj,Tur Dal 1kg,Staples,2,155,130.2,0,UPI,Returning,No,4
B12759,22-04-2025,Gadhinglaj,Cooking Oil 1L,Staples,3,145,133.4,20,UPI,New,No,5
B10783,31-07-2025,Gadhinglaj,Milk Pouch 500ml,Dairy,6,27,24.57,10,Card,Returning,No,5
B12430,24-11-2025,Chandgad,Curd 400g,Dairy,2,32,28.8,0,UPI,Returning,No,5
B12823,11-01-2025,Gadhinglaj,Rice 10kg,Staples,4,620,533.2,0,UPI,Returning,No,5
B11699,17-09-2025,Ajara,Cooking Oil 1L,Staples,4,145,133.4,16,Card,Returning,No,3
B10322,15-10-2025,Gadhinglaj,Soft Drink 750ml,Beverages,2,45,35.55,10,UPI,New,No,5
B12752,21-01-2025,Gadhinglaj,Milk Pouch 500ml,Dairy,7,27,24.57,0,UPI,Returning,No,5
B12047,30-12-2025,Nesari,Wheat Flour 5kg,Staples,3,210,178.5,1,UPI,New,No,4
B12109,17-01-2025,Nesari,Paneer 200g,Dairy,4,95,84.55,6,Cash,Returning,No,5
B10748,02-01-2025,Ajara,Wafers 100g,Snacks,2,40,30.8,21,Card,Returning,No,3
B11563,07-12-2025,Gadhinglaj,Cooking Oil 1L,Staples,3,145,133.4,10,UPI,New,No,5
B12674,20-06-2025,Nesari,Biscuit Pack,Snacks,6,30,23.4,1,Cash,Returning,No,5
B11718,14-12-2025,Gadhinglaj,Cooking Oil 1L,Staples,1,145,133.4,15,Cash,Returning,No,4
B10810,30-11-2025,Chandgad,Tea Powder 250g,Beverages,5,135,108.0,5,UPI,Returning,No,4
B12068,04-06-2025,Ajara,Biscuit Pack,Snacks,2,30,23.4,11,UPI,New,No,4
B12483,07-08-2025,Nesari,Bathing Soap,Personal Care,6,42,26.88,1,UPI,New,No,5
B11000,09-03-2025,Ajara,Dishwash Bar,Household,2,28,19.88,6,UPI,Returning,No,4
B12073,23-09-2025,Ajara,Detergent Powder 1kg,Household,1,130,94.9,21,Cash,New,No,4
B11751,06-09-2025,Gadhinglaj,Broom,Household,6,95,66.5,5,UPI,New,No,5
B11262,28-04-2025,Nesari,Biscuit Pack,Snacks,3,30,23.4,1,UPI,Returning,No,5
B10936,23-02-2025,Gadhinglaj,Milk Pouch 500ml,Dairy,12,27,24.57,0,UPI,Returning,No,5
B12624,19-03-2025,Ajara,Milk Pouch 500ml,Dairy,6,27,24.57,11,Cash,Returning,No,3
B11541,21-11-2025,Ajara,Biscuit Pack,Snacks,3,30,23.4,21,UPI,New,No,3
B10729,24-05-2025,Ajara,Bathing Soap,Personal Care,4,42,26.88,6,Cash,New,No,3
B11005,01-03-2025,Gadhinglaj,Hair Oil 200ml,Personal Care,4,135,82.35,0,Card,New,No,5
B10024,02-03-2025,Gadhinglaj,Detergent Powder 1kg,Household,3,130,94.9,0,Card,Returning,No,5
B12798,18-04-2025,Gadhinglaj,Tur Dal 1kg,Staples,5,155,130.2,5,UPI,New,No,5
B11634,25-03-2025,Gadhinglaj,Hair Oil 200ml,Personal Care,3,135,82.35,0,UPI,Returning,No,5
B10290,09-09-2025,Gadhinglaj,Curd 400g,Dairy,3,32,28.8,0,UPI,Returning,No,5
B11118,25-05-2025,Gadhinglaj,Hair Oil 200ml,Personal Care,6,135,82.35,0,UPI,Returning,No,5
B10230,02-10-2025,Gadhinglaj,Biscuit Pack,Snacks,5,30,23.4,15,Card,New,No,5
B12319,19-12-2025,Gadhinglaj,Tea Powder 250g,Beverages,2,135,108.0,0,UPI,New,No,5
B10743,15-01-2025,Gadhinglaj,Sugar 1kg,Staples,7,46,40.48,5,Card,Returning,No,5
B12632,14-10-2025,Ajara,Shampoo Bottle,Personal Care,2,185,111.0,6,Cash,Returning,No,3
B12016,06-01-2025,Gadhinglaj,Detergent Powder 1kg,Household,3,130,94.9,0,UPI,Returning,No,5
B10226,31-10-2025,Nesari,Milk Pouch 500ml,Dairy,7,27,24.57,1,UPI,Returning,No,4
B10062,02-02-2025,Ajara,Milk Pouch 500ml,Dairy,5,27,24.57,21,UPI,Returning,No,4
B12530,14-12-2025,Gadhinglaj,Broom,Household,7,95,66.5,10,Cash,Returning,No,4
B10472,24-06-2025,Gadhinglaj,Cooking Oil 1L,Staples,2,145,133.4,20,Card,Returning,No,5
B11877,02-11-2025,Gadhinglaj,Broom,Household,4,95,66.5,5,UPI,Returning,No,5
B11401,23-04-2025,Gadhinglaj,Chocolate Bar,Snacks,7,45,33.3,0,UPI,Returning,No,5
B12482,22-11-2025,Nesari,Namkeen 200g,Snacks,7,55,41.8,6,Cash,Returning,No,5
B11965,14-08-2025,Nesari,Hair Oil 200ml,Personal Care,3,135,82.35,1,UPI,New,No,4
B11854,29-11-2025,Nesari,Sugar 1kg,Staples,5,46,40.48,6,Card,New,No,5
B11843,30-05-2025,Chandgad,Milk Pouch 500ml,Dairy,1,27,24.57,5,Cash,New,No,5
B10574,17-01-2025,Ajara,Wheat Flour 5kg,Staples,1,210,178.5,11,UPI,Returning,No,2
B10407,26-02-2025,Chandgad,Phenyl 500ml,Household,2,72,51.84,10,Cash,Returning,No,4
B11908,22-02-2025,Chandgad,Wheat Flour 5kg,Staples,2,210,178.5,0,UPI,Returning,No,5
B10239,18-11-2025,Nesari,Instant Coffee 50g,Beverages,2,195,150.15,1,UPI,New,No,4
B10594,31-01-2025,Chandgad,Toothpaste,Personal Care,2,98,61.74,0,Card,Returning,No,5
B12220,19-06-2025,Chandgad,Dishwash Bar,Household,8,28,19.88,0,UPI,New,No,4
B10228,14-01-2025,Gadhinglaj,Milk Pouch 500ml,Dairy,6,27,24.57,15,UPI,Returning,No,4
B11055,25-01-2025,Gadhinglaj,Detergent Powder 1kg,Household,5,130,94.9,10,Card,Returning,No,5
B10759,26-11-2025,Ajara,Curd 400g,Dairy,7,32,28.8,6,Card,Returning,No,2
B12712,13-03-2025,Gadhinglaj,Curd 400g,Dairy,6,32,28.8,5,UPI,Returning,No,5
B11865,17-12-2025,Chandgad,Bathing Soap,Personal Care,2,42,26.88,5,UPI,Returning,No,5
B10766,01-09-2025,Ajara,Sugar 1kg,Staples,7,46,40.48,16,UPI,Returning,No,4
B12188,26-11-2025,Chandgad,Bathing Soap,Personal Care,9,42,26.88,0,Cash,Returning,No,4
B12913,21-02-2025,Gadhinglaj,Curd 400g,Dairy,1,32,28.8,5,Card,Returning,No,5
B12450,11-11-2025,Chandgad,Chocolate Bar,Snacks,5,45,33.3,10,Cash,Returning,No,5
B12024,17-06-2025,Gadhinglaj,Detergent Powder 1kg,Household,2,130,94.9,10,Cash,Returning,No,5
B11703,03-01-2025,Gadhinglaj,Paneer 200g,Dairy,8,95,84.55,0,UPI,Returning,No,5
B12706,04-09-2025,Gadhinglaj,Broom,Household,2,95,66.5,0,Cash,Returning,No,5
B11382,26-06-2025,Gadhinglaj,Milk Pouch 500ml,Dairy,9,27,24.57,15,Card,Returning,No,5
B11988,19-08-2025,Gadhinglaj,Bathing Soap,Personal Care,3,42,26.88,0,UPI,Returning,No,5
B10266,15-03-2025,Chandgad,Wafers 100g,Snacks,5,40,30.8,0,UPI,Returning,No,5
B11361,08-09-2025,Gadhinglaj,Dishwash Bar,Household,9,28,19.88,0,UPI,New,No,4
B12130,11-04-2025,Gadhinglaj,Milk Pouch 500ml,Dairy,7,27,24.57,10,UPI,Returning,No,5
B12553,19-01-2025,Ajara,Milk Pouch 500ml,Dairy,2,27,24.57,6,Cash,New,No,2
B10556,17-10-2025,Gadhinglaj,Butter 100g,Dairy,6,58,52.2,15,UPI,New,No,5
B10423,26-12-2025,Ajara,Bathing Soap,Personal Care,2,42,26.88,6,Card,Returning,No,2
B11960,18-12-2025,Chandgad,Rice 10kg,Staples,3,620,533.2,15,Card,Returning,No,4
B12832,06-04-2025,Nesari,Namkeen 200g,Snacks,8,55,41.8,6,UPI,Returning,No,5
B10669,04-09-2025,Chandgad,Paneer 200g,Dairy,2,95,84.55,0,Card,Returning,No,5
B11456,21-08-2025,Gadhinglaj,Tur Dal 1kg,Staples,3,155,130.2,10,Card,New,No,5
B12819,30-10-2025,Gadhinglaj,Curd 400g,Dairy,3,32,28.8,5,UPI,New,No,5
B11077,18-08-2025,Chandgad,Soft Drink 750ml,Beverages,3,45,35.55,10,Cash,Returning,No,5
B12606,18-06-2025,Nesari,Butter 100g,Dairy,3,58,52.2,11,Cash,Returning,No,5
B12090,27-08-2025,Nesari,Toothpaste,Personal Care,4,98,61.74,1,Cash,New,No,4
B12301,20-09-2025,Ajara,Wheat Flour 5kg,Staples,4,210,178.5,11,UPI,Returning,No,3
B11271,26-10-2025,Gadhinglaj,Broom,Household,6,95,66.5,0,UPI,New,No,5
B10233,01-12-2025,Nesari,Wafers 100g,Snacks,8,40,30.8,11,Card,Returning,No,4
B11464,21-11-2025,Chandgad,Curd 400g,Dairy,2,32,28.8,5,Card,New,No,4
B11371,12-02-2025,Chandgad,Wheat Flour 5kg,Staples,4,210,178.5,5,Card,New,Yes,4
B12978,19-02-2025,Gadhinglaj,Wafers 100g,Snacks,9,40,30.8,0,UPI,New,No,5
B10157,19-02-2025,Nesari,Chocolate Bar,Snacks,9,45,33.3,1,UPI,Returning,No,5
B11871,31-08-2025,Gadhinglaj,Rice 10kg,Staples,3,620,533.2,5,UPI,Returning,No,5
B12626,07-12-2025,Gadhinglaj,Milk Pouch 500ml,Dairy,2,27,24.57,0,UPI,Returning,No,5
B11411,08-05-2025,Chandgad,Namkeen 200g,Snacks,3,55,41.8,0,Card,New,No,3
B10138,29-11-2025,Chandgad,Curd 400g,Dairy,10,32,28.8,5,Cash,New,No,5
B12262,24-08-2025,Nesari,Paneer 200g,Dairy,1,95,84.55,16,UPI,New,No,5
B10835,20-07-2025,Gadhinglaj,Milk Pouch 500ml,Dairy,11,27,24.57,0,UPI,New,No,5
B11065,09-12-2025,Ajara,Biscuit Pack,Snacks,1,30,23.4,21,Card,New,No,3
B10856,07-05-2025,Gadhinglaj,Sugar 1kg,Staples,8,46,40.48,5,Card,Returning,No,5
B10684,20-08-2025,Ajara,Toothpaste,Personal Care,4,98,61.74,6,Cash,Returning,No,4
B10526,07-08-2025,Ajara,Sugar 1kg,Staples,1,46,40.48,6,UPI,Returning,No,2
B12334,13-04-2025,Chandgad,Bathing Soap,Personal Care,5,42,26.88,0,Cash,Returning,No,4
B10242,17-12-2025,Chandgad,Rice 10kg,Staples,2,620,533.2,0,Cash,New,No,5
B11442,07-02-2025,Gadhinglaj,Tea Powder 250g,Beverages,5,135,108.0,5,UPI,Returning,No,5
B12970,14-09-2025,Chandgad,Milk Pouch 500ml,Dairy,10,27,24.57,0,UPI,New,No,4
B12981,23-02-2025,Chandgad,Toothpaste,Personal Care,4,98,61.74,5,UPI,Returning,Yes,4
B11964,30-12-2025,Nesari,Soft Drink 750ml,Beverages,7,45,35.55,11,UPI,Returning,No,4
B11213,15-01-2025,Nesari,Curd 400g,Dairy,6,32,28.8,16,UPI,New,No,5
B12312,02-09-2025,Chandgad,Detergent Powder 1kg,Household,2,130,94.9,0,UPI,Returning,No,5
B10010,26-10-2025,Gadhinglaj,Tea Powder 250g,Beverages,4,135,108.0,15,UPI,Returning,No,5
B11723,17-10-2025,Nesari,Rice 10kg,Staples,3,620,533.2,1,Cash,Returning,No,4
B12820,01-11-2025,Ajara,Milk Pouch 500ml,Dairy,7,27,24.57,11,UPI,New,No,4
B10341,05-04-2025,Gadhinglaj,Dishwash Bar,Household,7,28,19.88,5,UPI,New,No,5
B11362,15-01-2025,Gadhinglaj,Toothpaste,Personal Care,10,98,61.74,0,UPI,Returning,No,5
B10642,25-09-2025,Gadhinglaj,Biscuit Pack,Snacks,8,30,23.4,5,UPI,Returning,No,5
B11290,21-04-2025,Chandgad,Biscuit Pack,Snacks,4,30,23.4,15,Card,New,No,5
B12848,17-05-2025,Chandgad,Namkeen 200g,Snacks,5,55,41.8,5,UPI,New,No,5
B12062,28-11-2025,Nesari,Instant Coffee 50g,Beverages,3,195,150.15,6,Cash,New,No,5
B12080,08-03-2025,Gadhinglaj,Tea Powder 250g,Beverages,4,135,108.0,10,UPI,New,No,5
B12420,19-09-2025,Gadhinglaj,Wafers 100g,Snacks,1,40,30.8,5,UPI,New,No,4
B10196,16-11-2025,Gadhinglaj,Milk Pouch 500ml,Dairy,10,27,24.57,5,UPI,New,No,4
B10013,16-06-2025,Chandgad,Rice 10kg,Staples,2,620,533.2,0,Card,Returning,No,4
B11869,26-09-2025,Nesari,Broom,Household,4,95,66.5,6,Card,New,No,4
B11152,22-10-2025,Ajara,Chocolate Bar,Snacks,2,45,33.3,6,UPI,Returning,No,2
B11322,24-11-2025,Ajara,Chocolate Bar,Snacks,3,45,33.3,6,Cash,Returning,No,3
B11132,17-01-2025,Gadhinglaj,Tur Dal 1kg,Staples,2,155,130.2,10,UPI,New,Yes,5
B12585,07-10-2025,Gadhinglaj,Instant Coffee 50g,Beverages,5,195,150.15,0,UPI,Returning,No,5
B11607,15-09-2025,Ajara,Milk Pouch 500ml,Dairy,4,27,24.57,6,Cash,Returning,No,3
B11719,22-01-2025,Chandgad,Tea Powder 250g,Beverages,1,135,108.0,0,Cash,Returning,Yes,5
B12944,04-05-2025,Gadhinglaj,Biscuit Pack,Snacks,4,30,23.4,0,UPI,Returning,No,5
B10757,15-04-2025,Chandgad,Rice 10kg,Staples,4,620,533.2,5,Cash,Returning,No,3
B11192,01-08-2025,Chandgad,Chocolate Bar,Snacks,7,45,33.3,0,UPI,Returning,No,5
B10100,24-05-2025,Chandgad,Rice 10kg,Staples,2,620,533.2,5,Cash,Returning,No,4
B12146,23-08-2025,Nesari,Wheat Flour 5kg,Staples,4,210,178.5,6,UPI,Returning,No,4
B12007,26-12-2025,Chandgad,Biscuit Pack,Snacks,4,30,23.4,10,Cash,Returning,No,5
B12163,20-09-2025,Ajara,Curd 400g,Dairy,5,32,28.8,6,UPI,Returning,No,4
B11643,13-04-2025,Gadhinglaj,Milk Pouch 500ml,Dairy,4,27,24.57,10,Cash,Returning,No,4
B11437,24-07-2025,Nesari,Bathing Soap,Personal Care,7,42,26.88,6,Cash,New,No,3
B11527,02-05-2025,Gadhinglaj,Sugar 1kg,Staples,9,46,40.48,5,UPI,Returning,No,5
B11458,07-01-2025,Gadhinglaj,Instant Coffee 50g,Beverages,4,195,150.15,5,UPI,Returning,No,5
B12448,20-04-2025,Ajara,Bathing Soap,Personal Care,5,42,26.88,6,UPI,Returning,No,4
B10626,29-12-2025,Ajara,Butter 100g,Dairy,2,58,52.2,6,Cash,Returning,No,4
B10762,19-05-2025,Nesari,Biscuit Pack,Snacks,7,30,23.4,6,Cash,Returning,No,4
B11766,04-10-2025,Gadhinglaj,Curd 400g,Dairy,7,32,28.8,5,UPI,New,No,5
B10445,18-07-2025,Gadhinglaj,Wheat Flour 5kg,Staples,2,210,178.5,10,Cash,Returning,No,5
B11221,21-03-2025,Ajara,Bathing Soap,Personal Care,4,42,26.88,6,Cash,Returning,No,4
B11497,14-02-2025,Gadhinglaj,Paneer 200g,Dairy,2,95,84.55,10,UPI,Returning,No,5
B12931,17-10-2025,Nesari,Toothpaste,Personal Care,5,98,61.74,1,Card,New,No,5
B11897,19-06-2025,Chandgad,Milk Pouch 500ml,Dairy,7,27,24.57,0,Cash,Returning,No,3
B11777,01-08-2025,Nesari,Biscuit Pack,Snacks,1,30,23.4,1,Cash,Returning,No,4
B11250,01-01-2025,Gadhinglaj,Sugar 1kg,Staples,8,46,40.48,0,Card,Returning,No,5
B10663,19-04-2025,Nesari,Sugar 1kg,Staples,1,46,40.48,1,UPI,Returning,No,4
B11757,18-09-2025,Nesari,Tea Powder 250g,Beverages,2,135,108.0,6,Cash,Returning,No,5
B12877,09-11-2025,Gadhinglaj,Wheat Flour 5kg,Staples,4,210,178.5,0,UPI,Returning,No,5
B10615,03-06-2025,Gadhinglaj,Dishwash Bar,Household,9,28,19.88,15,UPI,New,No,5
B12172,15-05-2025,Ajara,Cooking Oil 1L,Staples,2,145,133.4,30,Card,New,No,4
B10584,24-02-2025,Gadhinglaj,Biscuit Pack,Snacks,5,30,23.4,0,Card,New,No,5
B12690,02-06-2025,Ajara,Tur Dal 1kg,Staples,2,155,130.2,11,UPI,Returning,No,4
B10598,07-05-2025,Nesari,Sugar 1kg,Staples,6,46,40.48,1,UPI,Returning,No,5
B11455,31-12-2025,Gadhinglaj,Curd 400g,Dairy,3,32,28.8,0,UPI,New,No,5
B10174,11-09-2025,Gadhinglaj,Dishwash Bar,Household,5,28,19.88,0,UPI,New,No,5
B11565,21-10-2025,Chandgad,Cooking Oil 1L,Staples,1,145,133.4,20,Cash,New,No,4
B12244,21-07-2025,Chandgad,Soft Drink 750ml,Beverages,7,45,35.55,0,UPI,Returning,No,4
B10924,07-08-2025,Nesari,Cooking Oil 1L,Staples,1,145,133.4,11,Card,Returning,No,4
B10822,17-04-2025,Gadhinglaj,Dishwash Bar,Household,9,28,19.88,5,Cash,Returning,No,5
B11415,31-05-2025,Chandgad,Tea Powder 250g,Beverages,4,135,108.0,5,UPI,New,No,5
B12083,16-07-2025,Chandgad,Curd 400g,Dairy,5,32,28.8,5,UPI,New,No,4
B10824,30-06-2025,Nesari,Namkeen 200g,Snacks,7,55,41.8,11,Card,Returning,No,4
B12158,21-11-2025,Nesari,Biscuit Pack,Snacks,2,30,23.4,6,Cash,Returning,No,5
B12478,07-04-2025,Chandgad,Dishwash Bar,Household,8,28,19.88,15,Cash,Returning,No,5
B12663,27-06-2025,Chandgad,Wafers 100g,Snacks,2,40,30.8,0,UPI,Returning,No,4
B12289,04-11-2025,Nesari,Hair Oil 200ml,Personal Care,2,135,82.35,1,Cash,New,No,4
B11673,23-10-2025,Ajara,Phenyl 500ml,Household,1,72,51.84,11,UPI,Returning,No,2
B12658,11-02-2025,Ajara,Cooking Oil 1L,Staples,2,145,133.4,21,Cash,New,No,4
B11973,06-11-2025,Chandgad,Butter 100g,Dairy,9,58,52.2,5,UPI,Returning,No,3
B10708,14-11-2025,Chandgad,Namkeen 200g,Snacks,5,55,41.8,10,Cash,Returning,No,4
B12494,15-09-2025,Gadhinglaj,Paneer 200g,Dairy,8,95,84.55,5,UPI,Returning,No,5
B12729,01-06-2025,Gadhinglaj,Tea Powder 250g,Beverages,4,135,108.0,5,Cash,Returning,No,5
B12842,23-07-2025,Chandgad,Milk Pouch 500ml,Dairy,5,27,24.57,0,Cash,Returning,No,3
B11688,06-11-2025,Gadhinglaj,Toothpaste,Personal Care,7,98,61.74,0,Cash,New,No,5
B10723,10-09-2025,Gadhinglaj,Sugar 1kg,Staples,6,46,40.48,0,UPI,New,No,5
B12027,08-07-2025,Ajara,Curd 400g,Dairy,4,32,28.8,6,Cash,Returning,No,3
B12662,20-05-2025,Gadhinglaj,Milk Pouch 500ml,Dairy,7,27,24.57,0,Cash,Returning,No,5
B10150,03-07-2025,Chandgad,Namkeen 200g,Snacks,5,55,41.8,10,UPI,Returning,No,4
B10297,03-01-2025,Gadhinglaj,Milk Pouch 500ml,Dairy,9,27,24.57,15,UPI,New,No,5
B10490,25-12-2025,Ajara,Paneer 200g,Dairy,2,95,84.55,11,Cash,Returning,No,4
B11064,31-08-2025,Chandgad,Curd 400g,Dairy,7,32,28.8,5,UPI,Returning,No,5
B10742,23-03-2025,Gadhinglaj,Curd 400g,Dairy,11,32,28.8,5,Cash,New,No,5
B12030,10-12-2025,Ajara,Dishwash Bar,Household,1,28,19.88,6,Cash,New,No,4
B12212,10-10-2025,Gadhinglaj,Chocolate Bar,Snacks,6,45,33.3,0,UPI,Returning,No,5
B11781,17-10-2025,Ajara,Dishwash Bar,Household,7,28,19.88,6,UPI,Returning,No,4
B10450,13-02-2025,Chandgad,Detergent Powder 1kg,Household,1,130,94.9,0,Card,New,No,5
B12314,03-10-2025,Ajara,Namkeen 200g,Snacks,1,55,41.8,6,Cash,New,No,4
B11819,06-08-2025,Gadhinglaj,Dishwash Bar,Household,6,28,19.88,5,Card,Returning,No,5
B10542,07-08-2025,Nesari,Soft Drink 750ml,Beverages,4,45,35.55,1,UPI,New,No,5
B12610,24-08-2025,Gadhinglaj,Milk Pouch 500ml,Dairy,4,27,24.57,10,,New,No,5
B10857,24-09-2025,Ajara,Butter 100g,Dairy,3,58,52.2,6,Card,Returning,No,4
B11298,19-08-2025,Chandgad,Hair Oil 200ml,Personal Care,2,135,82.35,0,Card,New,No,4
B10265,11-05-2025,Nesari,Milk Pouch 500ml,Dairy,5,27,24.57,1,UPI,Returning,No,4
B12731,03-05-2025,Nesari,Broom,Household,9,95,66.5,1,Card,New,Yes,5
B11681,15-02-2025,Chandgad,Rice 10kg,Staples,5,620,533.2,0,Cash,New,No,3
B10709,05-02-2025,Chandgad,Paneer 200g,Dairy,4,95,84.55,15,Cash,New,No,3
B11857,20-11-2025,Nesari,Milk Pouch 500ml,Dairy,3,27,24.57,1,Card,New,No,4
B11941,24-11-2025,Nesari,Dishwash Bar,Household,3,28,19.88,16,Card,Returning,No,5
B11851,08-03-2025,Gadhinglaj,Tea Powder 250g,Beverages,4,135,108.0,5,Cash,Returning,No,5
B12039,27-08-2025,Chandgad,Shampoo Bottle,Personal Care,3,185,111.0,5,UPI,Returning,No,5
B12167,09-08-2025,Gadhinglaj,Namkeen 200g,Snacks,6,55,41.8,0,Cash,Returning,No,5
B11892,22-03-2025,Chandgad,Detergent Powder 1kg,Household,6,130,94.9,15,Card,Returning,No,
B11733,24-05-2025,Chandgad,Cooking Oil 1L,Staples,4,145,133.4,20,Cash,Returning,No,5
B10582,25-08-2025,Gadhinglaj,Cooking Oil 1L,Staples,2,145,133.4,20,Card,New,No,5
B12859,05-04-2025,Nesari,Hair Oil 200ml,Personal Care,3,135,82.35,1,UPI,Returning,No,4
B12432,05-07-2025,Gadhinglaj,Tur Dal 1kg,Staples,3,155,130.2,10,UPI,New,No,5
B12898,10-11-2025,Gadhinglaj,Chocolate Bar,Snacks,10,45,33.3,0,UPI,Returning,No,5
B12837,29-08-2025,Gadhinglaj,Tea Powder 250g,Beverages,4,135,108.0,0,Cash,Returning,No,5
B10388,03-11-2025,Nesari,Paneer 200g,Dairy,5,95,84.55,6,Card,New,No,5
B10613,11-04-2025,Chandgad,Tur Dal 1kg,Staples,2,155,130.2,0,Card,Returning,No,4
B12561,13-05-2025,Ajara,Rice 10kg,Staples,2,620,533.2,6,UPI,Returning,No,3
B11868,01-12-2025,Gadhinglaj,Dishwash Bar,Household,5,28,19.88,5,UPI,Returning,No,5
B12033,17-02-2025,Chandgad,Dishwash Bar,Household,6,28,19.88,5,Cash,New,No,5
B12397,13-03-2025,Nesari,Butter 100g,Dairy,3,58,52.2,6,UPI,Returning,No,5
B12097,12-02-2025,Nesari,Butter 100g,Dairy,2,58,52.2,6,UPI,Returning,No,4
B10220,08-10-2025,Gadhinglaj,Butter 100g,Dairy,5,58,52.2,0,UPI,Returning,No,5
B10760,13-09-2025,Gadhinglaj,Dishwash Bar,Household,11,28,19.88,0,UPI,Returning,No,5
B12353,27-01-2025,Chandgad,Rice 10kg,Staples,3,620,533.2,0,UPI,New,No,4
B10543,14-12-2025,Chandgad,Sugar 1kg,Staples,7,46,40.48,10,Cash,Returning,No,5
B10334,17-08-2025,Gadhinglaj,Cooking Oil 1L,Staples,3,145,133.4,25,Card,New,No,5
B10940,13-12-2025,Ajara,Detergent Powder 1kg,Household,3,130,94.9,6,Cash,New,No,4
B10568,04-10-2025,Gadhinglaj,Hair Oil 200ml,Personal Care,4,135,82.35,0,UPI,New,No,5
B10938,02-01-2025,Gadhinglaj,Hair Oil 200ml,Personal Care,5,135,82.35,0,UPI,Returning,No,5
B11812,03-05-2025,Gadhinglaj,Butter 100g,Dairy,8,58,52.2,0,Cash,Returning,No,5
B10489,22-07-2025,Nesari,Namkeen 200g,Snacks,6,55,41.8,16,Card,Returning,No,4
B10257,12-05-2025,Gadhinglaj,Rice 10kg,Staples,5,620,533.2,0,Card,New,No,4
B11618,25-04-2025,Chandgad,Milk Pouch 500ml,Dairy,6,27,24.57,15,Card,Returning,No,5
B11925,16-08-2025,Ajara,Detergent Powder 1kg,Household,2,130,94.9,6,UPI,New,No,3
B10724,29-10-2025,Nesari,Wheat Flour 5kg,Staples,4,210,178.5,1,Cash,Returning,No,4
B12094,26-01-2025,Chandgad,Rice 10kg,Staples,1,620,533.2,5,Cash,New,No,5
B10158,06-03-2025,Ajara,Curd 400g,Dairy,7,32,28.8,6,Cash,Returning,No,3
B10513,07-05-2025,Nesari,Rice 10kg,Staples,1,620,533.2,1,UPI,New,No,4
B11616,23-09-2025,Chandgad,Dishwash Bar,Household,3,28,19.88,15,UPI,New,No,5
B10025,27-12-2025,Nesari,Wheat Flour 5kg,Staples,2,210,178.5,1,UPI,Returning,No,4
B11463,09-03-2025,Nesari,Curd 400g,Dairy,2,32,28.8,11,Cash,Returning,No,5
B10558,15-11-2025,Gadhinglaj,Toothpaste,Personal Care,8,98,61.74,0,Card,New,No,5
B10927,15-02-2025,Nesari,Detergent Powder 1kg,Household,2,130,94.9,6,Cash,New,No,5
B10390,23-02-2025,Gadhinglaj,Tur Dal 1kg,Staples,4,155,130.2,10,Cash,Returning,No,5
B12788,28-10-2025,Nesari,Sugar 1kg,Staples,8,46,40.48,16,Cash,New,No,4
B12317,31-03-2025,Gadhinglaj,Wheat Flour 5kg,Staples,5,210,178.5,5,Cash,New,No,5
B12501,30-10-2025,Gadhinglaj,Soft Drink 750ml,Beverages,1,45,35.55,0,UPI,Returning,No,5
B10956,20-09-2025,Gadhinglaj,Biscuit Pack,Snacks,8,30,23.4,0,Card,Returning,No,5
B10207,23-03-2025,Gadhinglaj,Butter 100g,Dairy,2,58,52.2,15,Card,Returning,No,
B10540,07-12-2025,Chandgad,Dishwash Bar,Household,6,28,19.88,0,UPI,New,No,5
B10464,24-09-2025,Gadhinglaj,Milk Pouch 500ml,Dairy,2,27,24.57,0,Card,Returning,No,4
B10778,26-02-2025,Gadhinglaj,Detergent Powder 1kg,Household,6,130,94.9,15,UPI,Returning,No,5
B12958,10-12-2025,Gadhinglaj,Tur Dal 1kg,Staples,6,155,130.2,10,Cash,Returning,No,
B12364,22-10-2025,Ajara,Butter 100g,Dairy,5,58,52.2,16,Cash,New,No,4
B12775,16-09-2025,Ajara,Biscuit Pack,Snacks,4,30,23.4,21,Card,Returning,No,3
B12989,01-01-2025,Chandgad,Detergent Powder 1kg,Household,4,130,94.9,10,UPI,New,No,3
B10232,20-10-2025,Gadhinglaj,Tur Dal 1kg,Staples,3,155,130.2,10,,Returning,No,4
B12812,29-09-2025,Ajara,Detergent Powder 1kg,Household,1,130,94.9,16,Cash,Returning,No,3
B11715,19-03-2025,Chandgad,Paneer 200g,Dairy,5,95,84.55,5,UPI,Returning,No,5
B11302,11-10-2025,Chandgad,Sugar 1kg,Staples,6,46,40.48,5,UPI,Returning,No,3
B12815,04-04-2025,Gadhinglaj,Toothpaste,Personal Care,1,98,61.74,0,Cash,Returning,No,5
B11148,01-02-2025,Chandgad,Cooking Oil 1L,Staples,6,145,133.4,25,Cash,Returning,No,5
B12527,21-06-2025,Nesari,Toothpaste,Personal Care,7,98,61.74,1,Card,New,No,4
B10711,15-04-2025,Ajara,Milk Pouch 500ml,Dairy,1,27,24.57,21,Cash,New,No,3
B10102,08-11-2025,Ajara,Milk Pouch 500ml,Dairy,3,27,24.57,21,Card,Returning,No,3
B11490,30-08-2025,Gadhinglaj,Wheat Flour 5kg,Staples,1,210,178.5,5,UPI,New,No,5
B11687,22-10-2025,Chandgad,Phenyl 500ml,Household,2,72,51.84,0,Card,Returning,No,3
B12384,08-10-2025,Chandgad,Phenyl 500ml,Household,2,72,51.84,5,UPI,Returning,No,4
B10058,13-01-2025,Gadhinglaj,Curd 400g,Dairy,1,32,28.8,0,UPI,New,Yes,5
B10106,23-03-2025,Gadhinglaj,Sugar 1kg,Staples,8,46,40.48,0,UPI,New,No,5
B11334,24-03-2025,Nesari,Face Cream,Personal Care,3,165,102.3,1,Cash,Returning,Yes,3
B10701,10-11-2025,Chandgad,Phenyl 500ml,Household,5,72,51.84,0,Cash,New,No,5
B12328,15-08-2025,Chandgad,Shampoo Bottle,Personal Care,4,185,111.0,5,Cash,Returning,No,5
B11308,02-09-2025,Nesari,Wheat Flour 5kg,Staples,4,210,178.5,11,UPI,Returning,No,5
B11488,25-10-2025,Nesari,Milk Pouch 500ml,Dairy,7,27,24.57,1,UPI,New,No,4
B11184,28-06-2025,Nesari,Bathing Soap,Personal Care,7,42,26.88,1,UPI,Returning,No,5
B10159,24-10-2025,Gadhinglaj,Sugar 1kg,Staples,6,46,40.48,0,UPI,Returning,No,5
B10617,15-10-2025,Ajara,Bathing Soap,Personal Care,6,42,26.88,6,Card,New,No,4
B12558,24-08-2025,Nesari,Dishwash Bar,Household,5,28,19.88,6,Cash,New,No,5
B12379,02-07-2025,Gadhinglaj,Broom,Household,7,95,66.5,5,UPI,Returning,No,5
B12365,09-06-2025,Chandgad,Rice 10kg,Staples,1,620,533.2,5,Cash,New,No,3
B11628,13-12-2025,Ajara,Shampoo Bottle,Personal Care,3,185,111.0,11,Cash,Returning,No,2
B11185,02-08-2025,Gadhinglaj,Phenyl 500ml,Household,4,72,51.84,10,Cash,New,No,5
B12347,08-11-2025,Gadhinglaj,Instant Coffee 50g,Beverages,2,195,150.15,0,UPI,Returning,No,4
B11983,30-10-2025,Chandgad,Dishwash Bar,Household,2,28,19.88,0,UPI,Returning,No,5
B10688,15-10-2025,Ajara,Detergent Powder 1kg,Household,3,130,94.9,16,UPI,Returning,No,
B10386,12-02-2025,Nesari,Bathing Soap,Personal Care,7,42,26.88,1,UPI,Returning,No,5
B11653,07-06-2025,Chandgad,Sugar 1kg,Staples,10,46,40.48,0,UPI,New,No,4
B11273,02-01-2025,Chandgad,Curd 400g,Dairy,6,32,28.8,0,UPI,Returning,No,4
B11247,15-06-2025,Ajara,Namkeen 200g,Snacks,3,55,41.8,6,Card,Returning,No,4
B10829,04-05-2025,Chandgad,Paneer 200g,Dairy,6,95,84.55,15,UPI,Returning,No,4
B11916,20-11-2025,Nesari,Wafers 100g,Snacks,3,40,30.8,1,UPI,Returning,No,5
B10947,23-04-2025,Nesari,Sugar 1kg,Staples,1,46,40.48,1,UPI,Returning,No,5
B10495,20-05-2025,Chandgad,Rice 10kg,Staples,3,620,533.2,0,Cash,Returning,No,3
B10096,16-08-2025,Gadhinglaj,Toothpaste,Personal Care,6,98,61.74,0,Card,Returning,No,5
B12865,03-11-2025,Gadhinglaj,Biscuit Pack,Snacks,2,30,23.4,0,UPI,New,No,5
B10165,07-01-2025,Gadhinglaj,Milk Pouch 500ml,Dairy,5,27,24.57,5,UPI,New,No,4
B10082,22-11-2025,Nesari,Detergent Powder 1kg,Household,1,130,94.9,16,Cash,Returning,No,5
B10038,23-11-2025,Gadhinglaj,Butter 100g,Dairy,4,58,52.2,10,UPI,Returning,No,4
B10502,26-03-2025,Ajara,Paneer 200g,Dairy,3,95,84.55,6,UPI,Returning,No,3
B11286,14-11-2025,Chandgad,Butter 100g,Dairy,9,58,52.2,0,Cash,Returning,No,4
B12534,27-08-2025,Gadhinglaj,Milk Pouch 500ml,Dairy,9,27,24.57,0,Cash,Returning,No,5
B10894,29-06-2025,Chandgad,Milk Pouch 500ml,Dairy,7,27,24.57,0,Card,Returning,No,4
B10710,07-03-2025,Ajara,Shampoo Bottle,Personal Care,1,185,111.0,6,UPI,New,No,4
B10471,23-03-2025,Chandgad,Sugar 1kg,Staples,10,46,40.48,15,UPI,Returning,No,5
B11612,06-05-2025,Gadhinglaj,Tur Dal 1kg,Staples,2,155,130.2,10,UPI,Returning,No,5
B10117,26-05-2025,Chandgad,Cooking Oil 1L,Staples,4,145,133.4,20,Cash,Returning,No,4
B11617,07-03-2025,Gadhinglaj,Cooking Oil 1L,Staples,3,145,133.4,15,Cash,Returning,No,5
B12070,19-04-2025,Chandgad,Face Cream,Personal Care,5,165,102.3,0,Cash,New,No,2
B10941,28-03-2025,Nesari,Wafers 100g,Snacks,5,40,30.8,11,UPI,Returning,No,4
B10126,27-12-2025,Ajara,Cooking Oil 1L,Staples,2,145,133.4,16,UPI,Returning,No,3
B10424,24-11-2025,Gadhinglaj,Butter 100g,Dairy,1,58,52.2,5,UPI,Returning,No,5
B10331,27-12-2025,Ajara,Shampoo Bottle,Personal Care,1,185,111.0,11,Cash,New,No,4
B12089,17-09-2025,Gadhinglaj,Butter 100g,Dairy,1,58,52.2,5,Card,Returning,No,5
B11847,26-01-2025,Ajara,Milk Pouch 500ml,Dairy,5,27,24.57,6,UPI,Returning,No,2
B12100,20-05-2025,Gadhinglaj,Rice 10kg,Staples,1,620,533.2,0,Card,Returning,No,5
B11943,25-09-2025,Ajara,Curd 400g,Dairy,2,32,28.8,11,Cash,Returning,No,3
B12407,04-04-2025,Chandgad,Butter 100g,Dairy,7,58,52.2,5,UPI,New,No,4
B12793,29-11-2025,Ajara,Soft Drink 750ml,Beverages,3,45,35.55,6,Card,Returning,No,3
B11177,24-05-2025,Gadhinglaj,Cooking Oil 1L,Staples,4,145,133.4,15,UPI,Returning,No,5
B12698,05-02-2025,Chandgad,Biscuit Pack,Snacks,7,30,23.4,15,UPI,Returning,No,5
B11606,26-09-2025,Nesari,Milk Pouch 500ml,Dairy,6,27,24.57,16,UPI,Returning,No,4
B11825,24-02-2025,Chandgad,Cooking Oil 1L,Staples,4,145,133.4,20,Cash,Returning,No,4
B11364,25-04-2025,Chandgad,Biscuit Pack,Snacks,8,30,23.4,10,Cash,New,No,5
B11220,23-12-2025,Gadhinglaj,Butter 100g,Dairy,10,58,52.2,0,UPI,Returning,No,5
B11254,01-04-2025,Nesari,Phenyl 500ml,Household,6,72,51.84,16,Cash,Returning,No,3
B12710,23-01-2025,Gadhinglaj,Cooking Oil 1L,Staples,1,145,133.4,20,UPI,New,No,5
B10792,27-04-2025,Gadhinglaj,Wheat Flour 5kg,Staples,6,210,178.5,5,,New,No,5
B11042,07-12-2025,Ajara,Soft Drink 750ml,Beverages,6,45,35.55,6,Cash,Returning,No,4
B12714,14-03-2025,Gadhinglaj,Face Cream,Personal Care,2,165,102.3,5,Card,New,Yes,5
B10551,17-05-2025,Ajara,Curd 400g,Dairy,7,32,28.8,16,Card,New,No,3
B10515,06-03-2025,Gadhinglaj,Face Cream,Personal Care,1,165,102.3,0,UPI,New,No,5
B12037,17-11-2025,Gadhinglaj,Chocolate Bar,Snacks,5,45,33.3,15,UPI,New,No,5
B10763,15-10-2025,Gadhinglaj,Milk Pouch 500ml,Dairy,1,27,24.57,15,Cash,New,No,5
B11827,17-07-2025,Nesari,Namkeen 200g,Snacks,7,55,41.8,6,UPI,Returning,No,4
B10052,27-10-2025,Gadhinglaj,Shampoo Bottle,Personal Care,2,185,111.0,0,UPI,Returning,No,5
B12050,01-05-2025,Chandgad,Biscuit Pack,Snacks,4,30,23.4,0,UPI,Returning,No,5
B12646,25-06-2025,Chandgad,Cooking Oil 1L,Staples,4,145,133.4,15,UPI,New,No,5
B10255,02-03-2025,Chandgad,Butter 100g,Dairy,8,58,52.2,10,UPI,Returning,No,4
B12830,25-09-2025,Gadhinglaj,Biscuit Pack,Snacks,2,30,23.4,10,UPI,Returning,No,5
B11738,27-12-2025,Ajara,Sugar 1kg,Staples,3,46,40.48,6,UPI,Returning,No,3
B10678,01-10-2025,Gadhinglaj,Face Cream,Personal Care,3,165,102.3,5,Card,New,No,3
B12725,09-01-2025,Nesari,Wheat Flour 5kg,Staples,2,210,178.5,1,UPI,Returning,No,4
B11023,15-11-2025,Gadhinglaj,Rice 10kg,Staples,1,620,533.2,0,Cash,Returning,No,5
B11386,10-11-2025,Gadhinglaj,Instant Coffee 50g,Beverages,5,195,150.15,0,Cash,New,No,5
B12001,22-07-2025,Chandgad,Phenyl 500ml,Household,1,72,51.84,0,Cash,New,No,5
B12251,23-12-2025,Chandgad,Cooking Oil 1L,Staples,4,145,133.4,10,Cash,Returning,No,4
B10197,20-06-2025,Chandgad,Tea Powder 250g,Beverages,5,135,108.0,0,,Returning,No,5
B11803,21-11-2025,Gadhinglaj,Hair Oil 200ml,Personal Care,2,135,82.35,0,UPI,Returning,No,5
B10478,09-03-2025,Nesari,Milk Pouch 500ml,Dairy,8,27,24.57,1,UPI,Returning,No,4
B12265,28-03-2025,Chandgad,Phenyl 500ml,Household,6,72,51.84,5,Cash,New,No,4
B11668,29-04-2025,Gadhinglaj,Sugar 1kg,Staples,2,46,40.48,0,Cash,New,No,5
B11674,17-08-2025,Ajara,Detergent Powder 1kg,Household,3,130,94.9,21,Cash,New,No,4
B10961,19-07-2025,Gadhinglaj,Sugar 1kg,Staples,6,46,40.48,0,UPI,Returning,No,4
B10056,27-12-2025,Gadhinglaj,Sugar 1kg,Staples,4,46,40.48,5,UPI,Returning,No,4
B10427,15-08-2025,Chandgad,Tea Powder 250g,Beverages,4,135,108.0,0,Cash,Returning,No,5
B10693,26-01-2025,Gadhinglaj,Tea Powder 250g,Beverages,4,135,108.0,0,Card,New,No,5
B12200,20-10-2025,Chandgad,Butter 100g,Dairy,3,58,52.2,5,Card,Returning,No,4
B12211,01-08-2025,Nesari,Wheat Flour 5kg,Staples,1,210,178.5,1,UPI,Returning,No,4
B11840,07-10-2025,Ajara,Wafers 100g,Snacks,4,40,30.8,6,UPI,Returning,No,3
B11427,03-02-2025,Chandgad,Tea Powder 250g,Beverages,1,135,108.0,10,UPI,New,No,4
B10051,15-07-2025,Gadhinglaj,Cooking Oil 1L,Staples,1,145,133.4,20,UPI,Returning,No,4
B12377,26-11-2025,Nesari,Face Cream,Personal Care,4,165,102.3,1,UPI,New,Yes,3
B12246,24-10-2025,Gadhinglaj,Sugar 1kg,Staples,6,46,40.48,10,UPI,Returning,No,5
B12202,25-11-2025,Nesari,Soft Drink 750ml,Beverages,3,45,35.55,1,Card,New,No,4
B12287,22-03-2025,Gadhinglaj,Milk Pouch 500ml,Dairy,6,27,24.57,15,UPI,Returning,No,5
B10493,28-05-2025,Nesari,Soft Drink 750ml,Beverages,7,45,35.55,1,Cash,Returning,No,5
B11750,26-02-2025,Chandgad,Bathing Soap,Personal Care,7,42,26.88,0,UPI,Returning,No,4
B10918,08-08-2025,Nesari,Curd 400g,Dairy,6,32,28.8,1,Cash,Returning,No,4
B10369,28-07-2025,Chandgad,Curd 400g,Dairy,6,32,28.8,5,UPI,Returning,No,5
B11577,19-01-2025,Gadhinglaj,Biscuit Pack,Snacks,3,30,23.4,15,UPI,New,No,5
B11408,16-09-2025,Gadhinglaj,Dishwash Bar,Household,8,28,19.88,0,Card,Returning,No,5
B11728,19-12-2025,Gadhinglaj,Wafers 100g,Snacks,8,40,30.8,0,UPI,New,Yes,5
B10842,28-10-2025,Chandgad,Phenyl 500ml,Household,4,72,51.84,15,Card,Returning,No,4
B12807,03-12-2025,Gadhinglaj,Tur Dal 1kg,Staples,3,155,130.2,5,UPI,Returning,No,5
B11274,22-12-2025,Gadhinglaj,Toothpaste,Personal Care,5,98,61.74,5,Card,Returning,No,5
B11197,31-10-2025,Nesari,Namkeen 200g,Snacks,3,55,41.8,16,Cash,Returning,No,5
B12374,19-07-2025,Gadhinglaj,Curd 400g,Dairy,8,32,28.8,5,UPI,Returning,No,5
B10006,26-06-2025,Nesari,Toothpaste,Personal Care,5,98,61.74,1,UPI,Returning,No,4
B12601,18-09-2025,Nesari,Tur Dal 1kg,Staples,3,155,130.2,1,UPI,New,No,4
B10179,11-03-2025,Chandgad,Detergent Powder 1kg,Household,3,130,94.9,0,Cash,New,No,4
B12784,22-08-2025,Ajara,Shampoo Bottle,Personal Care,1,185,111.0,6,UPI,Returning,No,3
B11883,20-12-2025,Chandgad,Wafers 100g,Snacks,6,40,30.8,10,UPI,Returning,No,3
B10916,08-11-2025,Ajara,Sugar 1kg,Staples,2,46,40.48,11,UPI,Returning,No,3
B11749,22-04-2025,Gadhinglaj,Rice 10kg,Staples,5,620,533.2,0,Card,Returning,No,5
B10841,19-03-2025,Gadhinglaj,Biscuit Pack,Snacks,8,30,23.4,5,UPI,Returning,No,5
B10302,02-11-2025,Ajara,Tea Powder 250g,Beverages,2,135,108.0,6,Cash,New,No,2
B11245,28-03-2025,Nesari,Wheat Flour 5kg,Staples,4,210,178.5,1,Cash,Returning,No,5
B12949,26-10-2025,Gadhinglaj,Tur Dal 1kg,Staples,7,155,130.2,5,UPI,Returning,No,5
B12993,23-09-2025,Gadhinglaj,Biscuit Pack,Snacks,2,30,23.4,0,UPI,Returning,No,5
B12173,01-01-2025,Nesari,Phenyl 500ml,Household,3,72,51.84,6,UPI,New,No,4
B11731,11-05-2025,Ajara,Namkeen 200g,Snacks,4,55,41.8,6,UPI,Returning,No,2
B11951,23-05-2025,Nesari,Curd 400g,Dairy,4,32,28.8,11,Cash,New,No,3
B10451,11-06-2025,Gadhinglaj,Shampoo Bottle,Personal Care,2,185,111.0,0,UPI,Returning,No,5
B12271,09-09-2025,Chandgad,Soft Drink 750ml,Beverages,6,45,35.55,0,Cash,Returning,No,3
B10200,29-01-2025,Ajara,Bathing Soap,Personal Care,2,42,26.88,6,Cash,Returning,No,3
B10474,10-12-2025,Nesari,Bathing Soap,Personal Care,7,42,26.88,1,Cash,New,No,5
B10089,01-03-2025,Nesari,Toothpaste,Personal Care,8,98,61.74,1,UPI,Returning,No,
B12282,23-08-2025,Ajara,Curd 400g,Dairy,6,32,28.8,6,Cash,New,No,4
B10955,01-06-2025,Ajara,Tur Dal 1kg,Staples,3,155,130.2,11,Cash,Returning,No,3
B10391,17-05-2025,Gadhinglaj,Curd 400g,Dairy,7,32,28.8,0,Cash,Returning,No,5
B12424,21-05-2025,Gadhinglaj,Namkeen 200g,Snacks,9,55,41.8,0,Card,Returning,No,5
B12796,21-09-2025,Nesari,Cooking Oil 1L,Staples,2,145,133.4,21,UPI,Returning,No,3
B10494,21-03-2025,Ajara,Tur Dal 1kg,Staples,1,155,130.2,11,UPI,New,No,2
B10352,05-05-2025,Gadhinglaj,Sugar 1kg,Staples,7,46,40.48,0,UPI,New,No,5
B10281,30-09-2025,Ajara,Paneer 200g,Dairy,4,95,84.55,21,Cash,New,No,2
B11994,21-05-2025,Gadhinglaj,Milk Pouch 500ml,Dairy,2,27,24.57,5,Card,Returning,No,5
B10499,09-02-2025,Chandgad,Sugar 1kg,Staples,5,46,40.48,0,Cash,Returning,No,4
B10254,15-05-2025,Chandgad,Instant Coffee 50g,Beverages,3,195,150.15,5,UPI,Returning,No,5
B11557,11-05-2025,Gadhinglaj,Soft Drink 750ml,Beverages,8,45,35.55,10,UPI,Returning,No,4
B10897,05-01-2025,Chandgad,Biscuit Pack,Snacks,4,30,23.4,0,Cash,Returning,No,3
B12222,25-02-2025,Nesari,Face Cream,Personal Care,4,165,102.3,6,Card,Returning,No,3
B11930,28-03-2025,Ajara,Soft Drink 750ml,Beverages,2,45,35.55,6,Cash,Returning,No,2
B12853,02-12-2025,Gadhinglaj,Curd 400g,Dairy,6,32,28.8,0,UPI,Returning,No,5
B10929,16-10-2025,Ajara,Wheat Flour 5kg,Staples,2,210,178.5,11,Cash,Returning,No,3
B11624,25-11-2025,Gadhinglaj,Biscuit Pack,Snacks,7,30,23.4,0,Cash,Returning,No,5
B10991,24-06-2025,Gadhinglaj,Milk Pouch 500ml,Dairy,6,27,24.57,5,Cash,New,No,5
B11935,24-12-2025,Gadhinglaj,Milk Pouch 500ml,Dairy,7,27,24.57,0,UPI,New,No,4
B10425,17-10-2025,Chandgad,Biscuit Pack,Snacks,1,30,23.4,0,Cash,New,No,4
B10997,22-10-2025,Ajara,Curd 400g,Dairy,1,32,28.8,21,Cash,Returning,No,4
B11419,09-08-2025,Gadhinglaj,Soft Drink 750ml,Beverages,8,45,35.55,0,UPI,Returning,No,5
B10017,28-01-2025,Gadhinglaj,Toothpaste,Personal Care,8,98,61.74,0,UPI,Returning,No,5
B11074,02-12-2025,Nesari,Detergent Powder 1kg,Household,4,130,94.9,1,Card,Returning,No,4
B12185,25-04-2025,Chandgad,Phenyl 500ml,Household,3,72,51.84,0,UPI,Returning,No,5
B11798,16-11-2025,Chandgad,Tea Powder 250g,Beverages,5,135,108.0,0,UPI,Returning,No,5
B11942,21-09-2025,Ajara,Broom,Household,3,95,66.5,6,Cash,New,No,3
B10671,24-03-2025,Gadhinglaj,Tea Powder 250g,Beverages,3,135,108.0,5,UPI,Returning,No,4
B10795,11-06-2025,Gadhinglaj,Detergent Powder 1kg,Household,1,130,94.9,0,Cash,New,No,5
B12160,19-01-2025,Gadhinglaj,Toothpaste,Personal Care,8,98,61.74,0,UPI,New,No,5
B10705,31-08-2025,Gadhinglaj,Broom,Household,3,95,66.5,0,Cash,New,No,5
B11351,23-08-2025,Nesari,Bathing Soap,Personal Care,1,42,26.88,1,Cash,Returning,No,4
B11304,16-02-2025,Nesari,Curd 400g,Dairy,4,32,28.8,16,UPI,Returning,No,4
B10639,25-03-2025,Gadhinglaj,Milk Pouch 500ml,Dairy,6,27,24.57,15,UPI,New,No,5
B10679,13-03-2025,Nesari,Detergent Powder 1kg,Household,2,130,94.9,16,Card,New,No,3
B12652,12-02-2025,Chandgad,Toothpaste,Personal Care,8,98,61.74,0,Cash,Returning,No,5
B11955,25-07-2025,Gadhinglaj,Wafers 100g,Snacks,5,40,30.8,15,Card,Returning,No,5
B10408,14-11-2025,Gadhinglaj,Namkeen 200g,Snacks,2,55,41.8,0,UPI,Returning,No,5
B12367,15-11-2025,Gadhinglaj,Chocolate Bar,Snacks,11,45,33.3,5,UPI,New,No,5
B10110,23-04-2025,Gadhinglaj,Dishwash Bar,Household,1,28,19.88,5,Cash,New,No,5
B12514,16-04-2025,Nesari,Tea Powder 250g,Beverages,4,135,108.0,6,Cash,Returning,No,4
B12959,20-02-2025,Chandgad,Cooking Oil 1L,Staples,1,145,133.4,20,UPI,Returning,No,5
B11012,15-05-2025,Gadhinglaj,Sugar 1kg,Staples,8,46,40.48,0,UPI,New,No,5
B12042,29-03-2025,Nesari,Hair Oil 200ml,Personal Care,2,135,82.35,1,UPI,Returning,No,4
B12787,07-01-2025,Nesari,Biscuit Pack,Snacks,8,30,23.4,11,Card,New,Yes,4
B12418,13-07-2025,Nesari,Toothpaste,Personal Care,4,98,61.74,6,Cash,Returning,No,4
B10337,16-09-2025,Chandgad,Namkeen 200g,Snacks,4,55,41.8,0,UPI,Returning,No,3
B10076,19-12-2025,Chandgad,Wheat Flour 5kg,Staples,3,210,178.5,0,UPI,New,No,5
B10845,02-08-2025,Gadhinglaj,Broom,Household,8,95,66.5,10,UPI,Returning,No,5
B12903,25-11-2025,Ajara,Hair Oil 200ml,Personal Care,1,135,82.35,11,Cash,Returning,No,4
B12487,07-06-2025,Nesari,Sugar 1kg,Staples,1,46,40.48,11,UPI,Returning,No,4
B11516,02-12-2025,Ajara,Wafers 100g,Snacks,4,40,30.8,21,Card,Returning,No,3
B12724,12-11-2025,Nesari,Toothpaste,Personal Care,8,98,61.74,6,Card,New,No,4
B10224,09-07-2025,Chandgad,Sugar 1kg,Staples,5,46,40.48,0,Cash,New,No,3
B10287,22-06-2025,Nesari,Detergent Powder 1kg,Household,2,130,94.9,6,Cash,New,No,4
B10336,06-10-2025,Gadhinglaj,Milk Pouch 500ml,Dairy,8,27,24.57,5,UPI,Returning,No,5
B11663,02-05-2025,Ajara,Biscuit Pack,Snacks,2,30,23.4,6,Cash,Returning,No,4
B11347,12-01-2025,Ajara,Wheat Flour 5kg,Staples,3,210,178.5,6,Cash,New,No,3
B12462,03-09-2025,Nesari,Biscuit Pack,Snacks,7,30,23.4,6,Cash,Returning,No,5
B11175,18-05-2025,Gadhinglaj,Butter 100g,Dairy,5,58,52.2,0,Cash,Returning,No,5
B12757,11-04-2025,Chandgad,Biscuit Pack,Snacks,8,30,23.4,5,UPI,Returning,No,3
B12145,19-01-2025,Gadhinglaj,Biscuit Pack,Snacks,11,30,23.4,15,UPI,New,No,5
B12019,30-12-2025,Ajara,Face Cream,Personal Care,2,165,102.3,11,UPI,Returning,Yes,1
B10305,23-11-2025,Nesari,Paneer 200g,Dairy,6,95,84.55,1,UPI,Returning,No,3
B12878,04-09-2025,Chandgad,Biscuit Pack,Snacks,4,30,23.4,5,Cash,Returning,No,5
B12032,02-03-2025,Gadhinglaj,Biscuit Pack,Snacks,8,30,23.4,0,Card,Returning,No,5
B11929,27-05-2025,Gadhinglaj,Wafers 100g,Snacks,1,40,30.8,0,Cash,Returning,No,5
B11257,19-03-2025,Chandgad,Biscuit Pack,Snacks,5,30,23.4,10,UPI,Returning,No,5
B12466,11-05-2025,Gadhinglaj,Wheat Flour 5kg,Staples,7,210,178.5,5,UPI,Returning,No,5
B11708,23-06-2025,Chandgad,Milk Pouch 500ml,Dairy,2,27,24.57,0,Cash,Returning,No,4
B12095,12-09-2025,Gadhinglaj,Curd 400g,Dairy,8,32,28.8,0,Card,New,No,5
B12290,30-05-2025,Chandgad,Broom,Household,8,95,66.5,10,UPI,Returning,No,5
B10170,28-12-2025,Gadhinglaj,Milk Pouch 500ml,Dairy,3,27,24.57,5,Card,New,No,5
B12045,23-10-2025,Ajara,Curd 400g,Dairy,1,32,28.8,6,UPI,New,No,3
B12671,06-12-2025,Nesari,Chocolate Bar,Snacks,5,45,33.3,1,UPI,Returning,No,3
B11641,16-12-2025,Gadhinglaj,Namkeen 200g,Snacks,9,55,41.8,0,Card,Returning,No,5
B12277,01-10-2025,Gadhinglaj,Paneer 200g,Dairy,4,95,84.55,10,Cash,Returning,No,5
B10655,11-11-2025,Nesari,Namkeen 200g,Snacks,5,55,41.8,1,Cash,Returning,No,5
B11657,07-02-2025,Gadhinglaj,Namkeen 200g,Snacks,2,55,41.8,0,Cash,New,Yes,5
B10227,09-10-2025,Nesari,Butter 100g,Dairy,4,58,52.2,1,Cash,Returning,No,4
B10954,28-11-2025,Nesari,Instant Coffee 50g,Beverages,1,195,150.15,1,Cash,Returning,No,4
B10592,27-07-2025,Gadhinglaj,Milk Pouch 500ml,Dairy,8,27,24.57,15,Card,Returning,No,5
B10332,20-02-2025,Chandgad,Milk Pouch 500ml,Dairy,6,27,24.57,0,Cash,New,No,4
B12138,09-08-2025,Chandgad,Wheat Flour 5kg,Staples,4,210,178.5,15,UPI,Returning,No,3
B11397,13-11-2025,Chandgad,Wheat Flour 5kg,Staples,3,210,178.5,5,Cash,Returning,No,4
B12829,29-10-2025,Ajara,Chocolate Bar,Snacks,2,45,33.3,16,Cash,Returning,No,4
B12017,01-09-2025,Nesari,Namkeen 200g,Snacks,7,55,41.8,11,UPI,New,No,4
B12908,22-08-2025,Gadhinglaj,Tea Powder 250g,Beverages,1,135,108.0,0,Cash,Returning,No,5
B12393,05-05-2025,Nesari,Broom,Household,5,95,66.5,16,Cash,Returning,No,4
B12269,07-11-2025,Gadhinglaj,Hair Oil 200ml,Personal Care,2,135,82.35,0,UPI,Returning,No,5
B11485,26-02-2025,Nesari,Rice 10kg,Staples,1,620,533.2,1,UPI,New,No,4
B12569,06-03-2025,Ajara,Cooking Oil 1L,Staples,3,145,133.4,26,Cash,New,No,3
B10291,23-07-2025,Chandgad,Sugar 1kg,Staples,9,46,40.48,10,UPI,Returning,No,5
B10293,25-09-2025,Chandgad,Milk Pouch 500ml,Dairy,9,27,24.57,5,Cash,Returning,No,4
B12449,30-01-2025,Gadhinglaj,Wheat Flour 5kg,Staples,5,210,178.5,15,UPI,Returning,No,5
B10247,15-12-2025,Nesari,Biscuit Pack,Snacks,4,30,23.4,11,UPI,Returning,No,5
B11373,23-12-2025,Ajara,Bathing Soap,Personal Care,4,42,26.88,6,UPI,New,No,3
B12789,08-07-2025,Ajara,Detergent Powder 1kg,Household,1,130,94.9,11,UPI,New,No,2
B11975,28-02-2025,Ajara,Namkeen 200g,Snacks,5,55,41.8,11,UPI,New,No,4
B12995,14-09-2025,Ajara,Rice 10kg,Staples,3,620,533.2,6,Card,Returning,No,4
B11454,10-02-2025,Gadhinglaj,Curd 400g,Dairy,9,32,28.8,5,UPI,Returning,No,5
B11196,25-09-2025,Nesari,Cooking Oil 1L,Staples,4,145,133.4,21,UPI,Returning,No,5
B10099,10-09-2025,Chandgad,Butter 100g,Dairy,4,58,52.2,10,Cash,Returning,No,5
B10374,05-01-2025,Gadhinglaj,Dishwash Bar,Household,8,28,19.88,0,Cash,Returning,No,5
B10279,08-02-2025,Gadhinglaj,Hair Oil 200ml,Personal Care,4,135,82.35,5,Cash,New,No,5
B10653,13-06-2025,Gadhinglaj,Wheat Flour 5kg,Staples,3,210,178.5,5,Cash,Returning,No,5
B11850,19-08-2025,Chandgad,Phenyl 500ml,Household,1,72,51.84,15,Cash,New,No,5
B10387,01-04-2025,Gadhinglaj,Detergent Powder 1kg,Household,6,130,94.9,5,UPI,Returning,No,5
B11993,16-04-2025,Nesari,Wheat Flour 5kg,Staples,2,210,178.5,1,Cash,Returning,No,4
B12760,03-08-2025,Chandgad,Paneer 200g,Dairy,5,95,84.55,0,Card,New,No,4
B10055,09-03-2025,Nesari,Face Cream,Personal Care,2,165,102.3,1,Cash,Returning,No,3
B12012,03-05-2025,Chandgad,Broom,Household,1,95,66.5,0,UPI,New,No,5
B12557,16-07-2025,Gadhinglaj,Dishwash Bar,Household,1,28,19.88,0,Cash,Returning,No,5
B12281,27-05-2025,Nesari,Soft Drink 750ml,Beverages,2,45,35.55,1,Cash,Returning,No,5
B10681,08-10-2025,Chandgad,Namkeen 200g,Snacks,5,55,41.8,15,Cash,Returning,No,4
B12741,07-07-2025,Gadhinglaj,Milk Pouch 500ml,Dairy,2,27,24.57,5,Card,Returning,No,5
B12165,05-07-2025,Gadhinglaj,Tur Dal 1kg,Staples,7,155,130.2,0,UPI,Returning,No,5
B11734,08-12-2025,Ajara,Toothpaste,Personal Care,4,98,61.74,6,UPI,Returning,No,2
B11142,25-03-2025,Gadhinglaj,Cooking Oil 1L,Staples,2,145,133.4,20,UPI,Returning,No,5
B11390,13-08-2025,Chandgad,Tur Dal 1kg,Staples,1,155,130.2,10,Cash,Returning,No,5
B10619,03-03-2025,Nesari,Biscuit Pack,Snacks,7,30,23.4,6,UPI,Returning,No,3
B12029,25-07-2025,Chandgad,Shampoo Bottle,Personal Care,3,185,111.0,0,UPI,Returning,No,3
B12611,14-11-2025,Gadhinglaj,Rice 10kg,Staples,4,620,533.2,10,UPI,Returning,No,5
B11528,26-04-2025,Nesari,Cooking Oil 1L,Staples,3,145,133.4,16,Card,New,No,
B12387,19-10-2025,Ajara,Milk Pouch 500ml,Dairy,7,27,24.57,16,,New,No,4
B10168,07-02-2025,Nesari,Biscuit Pack,Snacks,2,30,23.4,16,Cash,New,No,5
B11482,27-10-2025,Ajara,Bathing Soap,Personal Care,1,42,26.88,6,Cash,Returning,No,3
B11160,19-05-2025,Gadhinglaj,Chocolate Bar,Snacks,5,45,33.3,10,Cash,Returning,No,5
B12869,31-07-2025,Gadhinglaj,Milk Pouch 500ml,Dairy,3,27,24.57,0,Cash,Returning,No,5
B12409,02-09-2025,Gadhinglaj,Cooking Oil 1L,Staples,2,145,133.4,25,UPI,New,No,5
B10689,09-05-2025,Gadhinglaj,Tea Powder 250g,Beverages,1,135,108.0,5,Cash,Returning,No,5
B11243,27-07-2025,Ajara,Soft Drink 750ml,Beverages,4,45,35.55,11,Cash,Returning,No,4
B11845,17-01-2025,Ajara,Curd 400g,Dairy,2,32,28.8,11,UPI,Returning,No,4
B10769,27-11-2025,Chandgad,Shampoo Bottle,Personal Care,4,185,111.0,5,Cash,Returning,No,5
B12539,23-09-2025,Gadhinglaj,Instant Coffee 50g,Beverages,2,195,150.15,5,Card,Returning,No,5
B12650,14-06-2025,Chandgad,Rice 10kg,Staples,2,620,533.2,5,Cash,New,No,5
B11283,25-09-2025,Gadhinglaj,Biscuit Pack,Snacks,2,30,23.4,0,Cash,New,No,5
B10129,13-08-2025,Gadhinglaj,Sugar 1kg,Staples,1,46,40.48,5,Cash,New,No,5
B11358,15-04-2025,Chandgad,Milk Pouch 500ml,Dairy,2,27,24.57,0,UPI,Returning,No,5
B12091,30-01-2025,Gadhinglaj,Chocolate Bar,Snacks,7,45,33.3,15,Card,Returning,No,4
B10413,24-03-2025,Nesari,Tea Powder 250g,Beverages,3,135,108.0,1,UPI,New,No,5
B11229,21-02-2025,Chandgad,Biscuit Pack,Snacks,7,30,23.4,0,Cash,Returning,No,5
B12727,10-11-2025,Gadhinglaj,Butter 100g,Dairy,10,58,52.2,0,UPI,Returning,No,5
B10256,14-08-2025,Chandgad,Detergent Powder 1kg,Household,2,130,94.9,0,UPI,Returning,Yes,4
B10034,03-01-2025,Gadhinglaj,Tea Powder 250g,Beverages,1,135,108.0,10,UPI,Returning,No,5
B10372,22-03-2025,Ajara,Toothpaste,Personal Care,3,98,61.74,6,Card,New,No,3
B12051,11-10-2025,Gadhinglaj,Paneer 200g,Dairy,6,95,84.55,10,Card,New,No,5
B11754,07-11-2025,Chandgad,Wafers 100g,Snacks,2,40,30.8,0,UPI,Returning,No,5
B10143,20-10-2025,Gadhinglaj,Bathing Soap,Personal Care,7,42,26.88,0,UPI,New,No,5
B12843,02-08-2025,Nesari,Curd 400g,Dairy,5,32,28.8,11,Cash,Returning,No,5
B12144,15-04-2025,Gadhinglaj,Milk Pouch 500ml,Dairy,1,27,24.57,15,UPI,Returning,No,4
B11119,16-02-2025,Gadhinglaj,Curd 400g,Dairy,4,32,28.8,15,UPI,Returning,No,5
B11436,09-05-2025,Nesari,Milk Pouch 500ml,Dairy,1,27,24.57,1,UPI,Returning,No,4
B11841,02-03-2025,Ajara,Instant Coffee 50g,Beverages,4,195,150.15,11,Cash,Returning,No,2
B10077,07-11-2025,Ajara,Rice 10kg,Staples,4,620,533.2,11,Cash,Returning,No,
B11979,02-01-2025,Chandgad,Milk Pouch 500ml,Dairy,1,27,24.57,5,UPI,Returning,No,4
B10635,16-10-2025,Ajara,Curd 400g,Dairy,4,32,28.8,11,UPI,Returning,No,3
B10184,26-10-2025,Ajara,Shampoo Bottle,Personal Care,3,185,111.0,6,Card,Returning,No,3
B12455,12-08-2025,Gadhinglaj,Sugar 1kg,Staples,1,46,40.48,5,Cash,New,No,5
B12909,23-09-2025,Nesari,Phenyl 500ml,Household,6,72,51.84,6,Cash,New,No,4
B12667,03-03-2025,Gadhinglaj,Butter 100g,Dairy,7,58,52.2,0,UPI,New,No,4
B10952,13-10-2025,Chandgad,Rice 10kg,Staples,2,620,533.2,15,Cash,Returning,No,5
B11203,25-08-2025,Gadhinglaj,Tea Powder 250g,Beverages,6,135,108.0,0,UPI,Returning,No,4
B11650,21-12-2025,Nesari,Butter 100g,Dairy,7,58,52.2,6,Cash,Returning,No,5
B12297,21-04-2025,Gadhinglaj,Tur Dal 1kg,Staples,3,155,130.2,5,Cash,Returning,No,5
B10520,16-01-2025,Gadhinglaj,Milk Pouch 500ml,Dairy,5,27,24.57,0,Card,Returning,No,5
B10473,14-09-2025,Gadhinglaj,Curd 400g,Dairy,4,32,28.8,0,Card,New,No,4
B12133,21-05-2025,Chandgad,Biscuit Pack,Snacks,9,30,23.4,5,Cash,Returning,No,5
B11524,11-06-2025,Chandgad,Dishwash Bar,Household,5,28,19.88,0,Cash,Returning,Yes,4
B12618,28-04-2025,Nesari,Detergent Powder 1kg,Household,3,130,94.9,1,UPI,Returning,No,5
B11589,04-03-2025,Ajara,Wheat Flour 5kg,Staples,2,210,178.5,21,Cash,Returning,No,3
B10359,24-12-2025,Ajara,Shampoo Bottle,Personal Care,3,185,111.0,6,UPI,New,No,3
B11169,26-06-2025,Chandgad,Shampoo Bottle,Personal Care,4,185,111.0,5,Card,Returning,No,5
B11626,28-09-2025,Nesari,Cooking Oil 1L,Staples,2,145,133.4,26,UPI,New,No,4
B10832,14-11-2025,Chandgad,Milk Pouch 500ml,Dairy,2,27,24.57,0,Cash,Returning,No,5
B11449,02-04-2025,Ajara,Biscuit Pack,Snacks,6,30,23.4,16,Card,Returning,Yes,4
B12680,05-06-2025,Ajara,Shampoo Bottle,Personal Care,1,185,111.0,6,UPI,Returning,No,2
B12416,29-08-2025,Ajara,Namkeen 200g,Snacks,6,55,41.8,6,Cash,New,No,3
B12734,10-08-2025,Chandgad,Tur Dal 1kg,Staples,4,155,130.2,5,UPI,New,No,5
B11265,11-10-2025,Chandgad,Sugar 1kg,Staples,5,46,40.48,5,UPI,New,No,4
B11348,18-09-2025,Gadhinglaj,Biscuit Pack,Snacks,7,30,23.4,0,UPI,Returning,No,5
B11500,09-09-2025,Gadhinglaj,Butter 100g,Dairy,10,58,52.2,5,Card,Returning,No,5
B10843,24-02-2025,Ajara,Paneer 200g,Dairy,5,95,84.55,6,Card,New,No,4
B11182,02-05-2025,Ajara,Dishwash Bar,Household,5,28,19.88,11,Cash,New,No,4
B10210,12-04-2025,Ajara,Namkeen 200g,Snacks,3,55,41.8,6,Cash,Returning,No,4
B10529,02-11-2025,Gadhinglaj,Bathing Soap,Personal Care,1,42,26.88,0,Cash,New,No,5
B10507,12-11-2025,Gadhinglaj,Bathing Soap,Personal Care,3,42,26.88,5,Card,Returning,No,4
B10801,24-10-2025,Gadhinglaj,Detergent Powder 1kg,Household,3,130,94.9,5,UPI,New,No,5
B10280,22-04-2025,Ajara,Chocolate Bar,Snacks,5,45,33.3,16,Card,New,No,2
B12423,18-11-2025,Nesari,Milk Pouch 500ml,Dairy,3,27,24.57,11,Cash,Returning,No,4
B10973,26-11-2025,Ajara,Namkeen 200g,Snacks,4,55,41.8,6,UPI,New,No,3
B12292,12-01-2025,Chandgad,Soft Drink 750ml,Beverages,4,45,35.55,0,Card,New,No,5
B12638,29-12-2025,Chandgad,Chocolate Bar,Snacks,7,45,33.3,5,UPI,New,No,5
B11551,16-08-2025,Ajara,Rice 10kg,Staples,4,620,533.2,11,Cash,Returning,No,3
B12415,26-09-2025,Ajara,Wafers 100g,Snacks,5,40,30.8,6,Cash,Returning,No,3
B12348,15-05-2025,Gadhinglaj,Biscuit Pack,Snacks,5,30,23.4,5,Card,Returning,No,5
B11231,30-01-2025,Gadhinglaj,Dishwash Bar,Household,8,28,19.88,0,UPI,New,No,5
B11508,28-08-2025,Chandgad,Dishwash Bar,Household,5,28,19.88,5,Cash,New,No,5
B12491,13-09-2025,Chandgad,Wafers 100g,Snacks,8,40,30.8,0,UPI,Returning,No,5
B11700,18-02-2025,Gadhinglaj,Bathing Soap,Personal Care,1,42,26.88,0,UPI,Returning,No,5
B11038,30-11-2025,Gadhinglaj,Milk Pouch 500ml,Dairy,11,27,24.57,10,Card,New,No,5
B10958,22-06-2025,Chandgad,Hair Oil 200ml,Personal Care,2,135,82.35,0,Card,Returning,No,4
B10009,16-04-2025,Gadhinglaj,Tur Dal 1kg,Staples,5,155,130.2,15,UPI,Returning,No,5
B12914,29-04-2025,Gadhinglaj,Shampoo Bottle,Personal Care,3,185,111.0,0,UPI,New,No,5
B11470,08-09-2025,Nesari,Biscuit Pack,Snacks,2,30,23.4,1,UPI,Returning,No,5
B12456,13-01-2025,Gadhinglaj,Tea Powder 250g,Beverages,3,135,108.0,10,Cash,Returning,No,4
B10340,18-06-2025,Gadhinglaj,Broom,Household,6,95,66.5,0,Cash,New,No,5
B12672,05-01-2025,Ajara,Dishwash Bar,Household,5,28,19.88,21,Card,Returning,No,3
B11782,21-11-2025,Chandgad,Sugar 1kg,Staples,5,46,40.48,10,UPI,New,No,5
B12308,28-08-2025,Chandgad,Paneer 200g,Dairy,2,95,84.55,10,Cash,New,No,4
B10767,06-04-2025,Gadhinglaj,Milk Pouch 500ml,Dairy,9,27,24.57,0,Card,Returning,No,5
B12736,14-04-2025,Ajara,Cooking Oil 1L,Staples,1,145,133.4,21,Cash,Returning,No,3
B12184,26-05-2025,Chandgad,Curd 400g,Dairy,3,32,28.8,5,UPI,Returning,No,3
B11010,16-07-2025,Nesari,Butter 100g,Dairy,3,58,52.2,1,Card,Returning,No,5
B12320,08-11-2025,Nesari,Curd 400g,Dairy,4,32,28.8,6,Card,Returning,No,5
B12295,10-02-2025,Chandgad,Cooking Oil 1L,Staples,4,145,133.4,10,Cash,New,No,5
B12555,24-08-2025,Chandgad,Milk Pouch 500ml,Dairy,4,27,24.57,10,UPI,New,No,5
B12066,06-09-2025,Nesari,Biscuit Pack,Snacks,1,30,23.4,1,UPI,Returning,No,4
B11767,31-12-2025,Gadhinglaj,Cooking Oil 1L,Staples,1,145,133.4,20,Card,New,No,5
B11114,26-07-2025,Ajara,Namkeen 200g,Snacks,7,55,41.8,6,UPI,Returning,No,3
B11310,27-04-2025,Nesari,Sugar 1kg,Staples,3,46,40.48,1,Cash,Returning,No,3
B10917,04-03-2025,Chandgad,Face Cream,Personal Care,3,165,102.3,5,Cash,New,No,4
B12664,29-04-2025,Chandgad,Cooking Oil 1L,Staples,4,145,133.4,10,UPI,Returning,No,4
B10116,14-04-2025,Chandgad,Wheat Flour 5kg,Staples,4,210,178.5,15,Card,Returning,No,4
B11952,05-09-2025,Chandgad,Curd 400g,Dairy,8,32,28.8,5,UPI,Returning,No,4
B10579,22-10-2025,Nesari,Biscuit Pack,Snacks,7,30,23.4,6,Cash,New,No,4
B10315,24-11-2025,Gadhinglaj,Bathing Soap,Personal Care,3,42,26.88,0,Cash,Returning,No,5
B12497,02-08-2025,Chandgad,Curd 400g,Dairy,6,32,28.8,0,UPI,Returning,No,4
B12881,31-08-2025,Chandgad,Biscuit Pack,Snacks,10,30,23.4,10,UPI,New,No,4
B10900,19-05-2025,Gadhinglaj,Paneer 200g,Dairy,6,95,84.55,15,UPI,Returning,No,5
B10357,31-05-2025,Nesari,Tur Dal 1kg,Staples,2,155,130.2,1,Card,New,No,5
B10656,30-04-2025,Gadhinglaj,Milk Pouch 500ml,Dairy,6,27,24.57,15,UPI,Returning,No,5
B12627,21-02-2025,Chandgad,Cooking Oil 1L,Staples,4,145,133.4,20,Cash,New,No,5
B11705,21-12-2025,Nesari,Tea Powder 250g,Beverages,2,135,108.0,1,Card,Returning,No,4
B10884,13-02-2025,Gadhinglaj,Toothpaste,Personal Care,1,98,61.74,0,Card,Returning,No,5
B11509,21-04-2025,Nesari,Detergent Powder 1kg,Household,1,130,94.9,6,Card,New,No,3
B12952,02-09-2025,Gadhinglaj,Rice 10kg,Staples,2,620,533.2,0,UPI,Returning,No,5
B10862,07-02-2025,Gadhinglaj,Tea Powder 250g,Beverages,2,135,108.0,0,UPI,New,No,5
B11651,28-10-2025,Ajara,Chocolate Bar,Snacks,5,45,33.3,21,Cash,Returning,No,3
B11741,10-01-2025,Gadhinglaj,Face Cream,Personal Care,3,165,102.3,0,Cash,Returning,No,3
B11604,18-04-2025,Nesari,Phenyl 500ml,Household,1,72,51.84,16,UPI,New,No,4
B11752,03-09-2025,Nesari,Bathing Soap,Personal Care,2,42,26.88,1,UPI,New,No,5
B12887,26-11-2025,Nesari,Broom,Household,8,95,66.5,16,Cash,Returning,No,3
B12186,31-03-2025,Chandgad,Tur Dal 1kg,Staples,1,155,130.2,5,Card,Returning,No,5
B10420,10-02-2025,Gadhinglaj,Cooking Oil 1L,Staples,2,145,133.4,25,UPI,New,No,5
B10514,24-06-2025,Gadhinglaj,Rice 10kg,Staples,2,620,533.2,5,Card,Returning,No,5
B11514,20-03-2025,Gadhinglaj,Tur Dal 1kg,Staples,5,155,130.2,0,UPI,Returning,No,5
B12547,22-10-2025,Chandgad,Curd 400g,Dairy,2,32,28.8,10,Cash,Returning,No,5
B12500,16-09-2025,Chandgad,Tur Dal 1kg,Staples,2,155,130.2,0,Cash,New,No,5
B11520,29-11-2025,Gadhinglaj,Rice 10kg,Staples,6,620,533.2,0,Card,Returning,No,5
B11972,19-03-2025,Ajara,Milk Pouch 500ml,Dairy,4,27,24.57,11,UPI,Returning,No,4
B10133,31-10-2025,Gadhinglaj,Toothpaste,Personal Care,2,98,61.74,0,UPI,New,No,5
B12419,13-07-2025,Chandgad,Tea Powder 250g,Beverages,4,135,108.0,5,UPI,Returning,No,3
B10020,08-03-2025,Chandgad,Butter 100g,Dairy,6,58,52.2,0,Cash,New,No,4
B12152,15-10-2025,Chandgad,Tea Powder 250g,Beverages,1,135,108.0,10,UPI,New,No,4
B11150,19-06-2025,Ajara,Biscuit Pack,Snacks,6,30,23.4,6,Cash,Returning,No,3
B11159,25-11-2025,Ajara,Sugar 1kg,Staples,1,46,40.48,11,UPI,Returning,No,3
B10533,08-10-2025,Chandgad,Chocolate Bar,Snacks,2,45,33.3,0,UPI,New,No,4
B12600,14-10-2025,Gadhinglaj,Sugar 1kg,Staples,6,46,40.48,15,Cash,Returning,No,4
B11830,10-06-2025,Nesari,Rice 10kg,Staples,2,620,533.2,6,Cash,New,No,5
B12321,13-03-2025,Nesari,Sugar 1kg,Staples,4,46,40.48,11,Cash,Returning,No,4
B12697,28-08-2025,Gadhinglaj,Detergent Powder 1kg,Household,6,130,94.9,0,UPI,Returning,No,5
B10396,16-08-2025,Ajara,Hair Oil 200ml,Personal Care,3,135,82.35,6,Cash,New,No,3
B11592,25-10-2025,Ajara,Face Cream,Personal Care,3,165,102.3,6,Card,Returning,No,1
B11316,25-05-2025,Nesari,Milk Pouch 500ml,Dairy,3,27,24.57,16,UPI,Returning,No,4
B10491,28-04-2025,Nesari,Biscuit Pack,Snacks,2,30,23.4,16,Cash,Returning,No,4
B11078,26-04-2025,Nesari,Biscuit Pack,Snacks,2,30,23.4,11,Card,Returning,No,4
B10607,14-07-2025,Chandgad,Wafers 100g,Snacks,6,40,30.8,5,UPI,Returning,No,5
B10105,01-11-2025,Nesari,Dishwash Bar,Household,3,28,19.88,6,UPI,Returning,No,3
B10189,17-09-2025,Gadhinglaj,Tur Dal 1kg,Staples,2,155,130.2,5,UPI,New,No,5
B11504,13-12-2025,Nesari,Paneer 200g,Dairy,8,95,84.55,16,Card,New,No,4
B10727,16-09-2025,Chandgad,Detergent Powder 1kg,Household,1,130,94.9,0,Cash,New,No,5
B12503,04-08-2025,Gadhinglaj,Milk Pouch 500ml,Dairy,1,27,24.57,15,Card,New,No,4
B11833,19-05-2025,Chandgad,Rice 10kg,Staples,4,620,533.2,5,UPI,New,No,5
B12554,29-05-2025,Gadhinglaj,Rice 10kg,Staples,1,620,533.2,10,UPI,New,No,5
B10737,19-08-2025,Gadhinglaj,Wafers 100g,Snacks,8,40,30.8,0,UPI,New,No,5
B12373,29-01-2025,Chandgad,Dishwash Bar,Household,3,28,19.88,0,UPI,New,No,5
B11028,07-03-2025,Ajara,Chocolate Bar,Snacks,2,45,33.3,11,Cash,Returning,No,2
B11406,20-08-2025,Gadhinglaj,Wafers 100g,Snacks,7,40,30.8,5,Card,Returning,No,5
B10780,02-02-2025,Nesari,Sugar 1kg,Staples,3,46,40.48,6,UPI,New,No,5
B10091,16-04-2025,Gadhinglaj,Face Cream,Personal Care,5,165,102.3,0,UPI,New,No,2
B12801,28-03-2025,Nesari,Detergent Powder 1kg,Household,2,130,94.9,1,Cash,Returning,No,5
B11281,27-09-2025,Ajara,Phenyl 500ml,Household,1,72,51.84,21,UPI,New,No,4
B10972,27-02-2025,Gadhinglaj,Tur Dal 1kg,Staples,3,155,130.2,0,UPI,New,No,5
B11622,04-02-2025,Nesari,Milk Pouch 500ml,Dairy,3,27,24.57,1,UPI,New,No,5
B10752,22-09-2025,Ajara,Bathing Soap,Personal Care,6,42,26.88,6,Card,New,No,3
B10819,14-04-2025,Gadhinglaj,Detergent Powder 1kg,Household,1,130,94.9,15,UPI,Returning,No,5
B11016,30-03-2025,Ajara,Milk Pouch 500ml,Dairy,4,27,24.57,6,Cash,New,No,4
B11328,06-10-2025,Chandgad,Chocolate Bar,Snacks,4,45,33.3,0,Cash,New,No,5
B12131,15-10-2025,Chandgad,Butter 100g,Dairy,5,58,52.2,5,UPI,Returning,No,4
B12150,25-03-2025,Gadhinglaj,Face Cream,Personal Care,1,165,102.3,5,Card,New,Yes,2
B10803,11-03-2025,Gadhinglaj,Bathing Soap,Personal Care,1,42,26.88,0,UPI,New,No,5
B10661,13-02-2025,Gadhinglaj,Detergent Powder 1kg,Household,2,130,94.9,5,Cash,Returning,No,5
B10026,11-03-2025,Ajara,Curd 400g,Dairy,3,32,28.8,6,Cash,Returning,No,4
B10796,24-10-2025,Ajara,Shampoo Bottle,Personal Care,1,185,111.0,6,UPI,New,No,
B10436,08-10-2025,Chandgad,Cooking Oil 1L,Staples,4,145,133.4,15,Cash,Returning,No,4
B12910,13-07-2025,Gadhinglaj,Wheat Flour 5kg,Staples,6,210,178.5,15,UPI,Returning,No,5
B10971,11-10-2025,Nesari,Butter 100g,Dairy,8,58,52.2,1,Cash,Returning,No,3
B10252,22-08-2025,Gadhinglaj,Curd 400g,Dairy,10,32,28.8,0,Cash,Returning,No,5
B12469,04-08-2025,Gadhinglaj,Tea Powder 250g,Beverages,2,135,108.0,0,UPI,New,No,4
B11826,01-04-2025,Ajara,Toothpaste,Personal Care,2,98,61.74,6,Card,Returning,No,3
B12657,13-06-2025,Nesari,Dishwash Bar,Household,6,28,19.88,1,Cash,Returning,No,3
B11529,20-02-2025,Ajara,Tur Dal 1kg,Staples,2,155,130.2,21,Cash,Returning,No,4
B12425,21-09-2025,Gadhinglaj,Cooking Oil 1L,Staples,1,145,133.4,20,Cash,Returning,No,5
B12942,10-07-2025,Ajara,Curd 400g,Dairy,1,32,28.8,11,UPI,Returning,No,2
B11646,25-08-2025,Chandgad,Wheat Flour 5kg,Staples,1,210,178.5,0,UPI,Returning,No,5
B10333,11-07-2025,Nesari,Hair Oil 200ml,Personal Care,2,135,82.35,6,Cash,New,No,4
B11748,24-05-2025,Ajara,Tur Dal 1kg,Staples,3,155,130.2,6,Card,Returning,No,3
B12863,14-11-2025,Gadhinglaj,Paneer 200g,Dairy,9,95,84.55,0,UPI,Returning,No,5
B12038,02-05-2025,Chandgad,Tea Powder 250g,Beverages,3,135,108.0,0,UPI,New,No,5
B11342,26-08-2025,Gadhinglaj,Bathing Soap,Personal Care,10,42,26.88,0,Cash,Returning,No,5
B12238,03-04-2025,Ajara,Namkeen 200g,Snacks,4,55,41.8,6,Card,Returning,No,2
B10815,25-12-2025,Gadhinglaj,Dishwash Bar,Household,1,28,19.88,0,Cash,New,No,5
B12508,22-11-2025,Ajara,Tur Dal 1kg,Staples,4,155,130.2,16,UPI,Returning,No,4
B12107,01-11-2025,Gadhinglaj,Tur Dal 1kg,Staples,3,155,130.2,5,UPI,New,No,5
B12431,29-06-2025,Gadhinglaj,Soft Drink 750ml,Beverages,11,45,35.55,15,Cash,Returning,No,5
B11686,05-07-2025,Ajara,Chocolate Bar,Snacks,2,45,33.3,6,UPI,New,No,4
B12031,19-03-2025,Nesari,Soft Drink 750ml,Beverages,6,45,35.55,11,Cash,New,No,5
B11008,27-01-2025,Gadhinglaj,Broom,Household,9,95,66.5,0,Cash,New,No,4
B12753,29-01-2025,Chandgad,Curd 400g,Dairy,7,32,28.8,10,Cash,Returning,Yes,5
B11736,26-11-2025,Chandgad,Biscuit Pack,Snacks,5,30,23.4,15,Cash,Returning,No,4
B12198,07-06-2025,Chandgad,Curd 400g,Dairy,6,32,28.8,0,UPI,New,No,5
B12634,17-03-2025,Gadhinglaj,Wafers 100g,Snacks,6,40,30.8,10,UPI,Returning,No,5
B11315,02-04-2025,Nesari,Wafers 100g,Snacks,6,40,30.8,6,Cash,New,No,3
B10931,20-05-2025,Chandgad,Phenyl 500ml,Household,6,72,51.84,0,Card,New,No,4
B11884,31-08-2025,Gadhinglaj,Instant Coffee 50g,Beverages,6,195,150.15,0,UPI,New,No,5
B12723,14-05-2025,Gadhinglaj,Curd 400g,Dairy,8,32,28.8,0,UPI,Returning,No,5
B11713,24-05-2025,Chandgad,Phenyl 500ml,Household,1,72,51.84,10,Cash,New,No,5
B11627,14-10-2025,Gadhinglaj,Namkeen 200g,Snacks,8,55,41.8,15,UPI,Returning,No,
B12303,13-02-2025,Ajara,Soft Drink 750ml,Beverages,4,45,35.55,11,UPI,New,No,3
B10395,29-12-2025,Gadhinglaj,Namkeen 200g,Snacks,6,55,41.8,5,Card,New,No,5
B11915,06-02-2025,Gadhinglaj,Phenyl 500ml,Household,3,72,51.84,15,UPI,Returning,No,5
B10539,31-08-2025,Nesari,Tea Powder 250g,Beverages,2,135,108.0,1,Card,Returning,No,4
B12682,13-08-2025,Gadhinglaj,Milk Pouch 500ml,Dairy,3,27,24.57,5,UPI,New,No,5
B12101,31-08-2025,Gadhinglaj,Dishwash Bar,Household,1,28,19.88,15,Card,New,No,5
B10905,20-12-2025,Gadhinglaj,Soft Drink 750ml,Beverages,11,45,35.55,5,Card,Returning,No,5
B11468,06-06-2025,Gadhinglaj,Tea Powder 250g,Beverages,4,135,108.0,15,Card,Returning,No,5
B12542,03-08-2025,Chandgad,Chocolate Bar,Snacks,2,45,33.3,15,Card,New,No,4
B11451,25-03-2025,Ajara,Tur Dal 1kg,Staples,1,155,130.2,11,Card,New,No,3
B12656,20-05-2025,Chandgad,Namkeen 200g,Snacks,7,55,41.8,0,Cash,New,No,4
B11474,26-11-2025,Chandgad,Hair Oil 200ml,Personal Care,3,135,82.35,0,UPI,Returning,No,4
B10215,26-04-2025,Gadhinglaj,Biscuit Pack,Snacks,10,30,23.4,0,UPI,New,No,5
B12315,28-07-2025,Nesari,Paneer 200g,Dairy,5,95,84.55,16,UPI,Returning,No,5
B12182,06-11-2025,Chandgad,Sugar 1kg,Staples,2,46,40.48,5,Cash,New,No,4
B11209,09-02-2025,Gadhinglaj,Wheat Flour 5kg,Staples,7,210,178.5,15,UPI,Returning,No,5
B12549,17-08-2025,Nesari,Chocolate Bar,Snacks,1,45,33.3,1,Cash,New,No,4
B10895,11-09-2025,Nesari,Namkeen 200g,Snacks,1,55,41.8,1,UPI,New,No,5
B10948,09-11-2025,Nesari,Cooking Oil 1L,Staples,5,145,133.4,11,UPI,Returning,No,5
B11261,26-10-2025,Chandgad,Tea Powder 250g,Beverages,5,135,108.0,0,Cash,New,No,5
B11997,25-08-2025,Chandgad,Paneer 200g,Dairy,3,95,84.55,0,Card,New,No,4
B10747,28-02-2025,Gadhinglaj,Cooking Oil 1L,Staples,1,145,133.4,15,Cash,New,No,4
B11070,13-03-2025,Gadhinglaj,Tea Powder 250g,Beverages,3,135,108.0,15,UPI,New,No,5
B10565,27-02-2025,Gadhinglaj,Milk Pouch 500ml,Dairy,9,27,24.57,0,UPI,New,No,5
B11350,10-11-2025,Gadhinglaj,Butter 100g,Dairy,3,58,52.2,0,Card,Returning,No,5
B11461,05-01-2025,Nesari,Tur Dal 1kg,Staples,1,155,130.2,6,Cash,Returning,No,4
B11309,10-11-2025,Chandgad,Chocolate Bar,Snacks,4,45,33.3,15,Cash,Returning,No,5
B12053,10-05-2025,Gadhinglaj,Cooking Oil 1L,Staples,1,145,133.4,15,UPI,New,No,5
B11948,12-12-2025,Chandgad,Milk Pouch 500ml,Dairy,2,27,24.57,0,UPI,New,No,4
B11785,23-10-2025,Nesari,Dishwash Bar,Household,6,28,19.88,1,UPI,New,No,4
B12441,20-07-2025,Ajara,Curd 400g,Dairy,1,32,28.8,21,Cash,Returning,No,3
B11357,04-02-2025,Gadhinglaj,Milk Pouch 500ml,Dairy,8,27,24.57,15,Cash,Returning,No,5
B11293,09-07-2025,Nesari,Rice 10kg,Staples,1,620,533.2,6,UPI,Returning,No,5
B11593,03-09-2025,Chandgad,Butter 100g,Dairy,8,58,52.2,10,Cash,Returning,No,4
B12809,24-01-2025,Ajara,Milk Pouch 500ml,Dairy,1,27,24.57,6,UPI,New,No,3
B12983,28-03-2025,Chandgad,Sugar 1kg,Staples,8,46,40.48,0,Card,Returning,No,4
B12602,04-02-2025,Gadhinglaj,Bathing Soap,Personal Care,6,42,26.88,0,Cash,New,No,5
B10114,22-05-2025,Chandgad,Curd 400g,Dairy,8,32,28.8,0,Cash,New,No,5
B11145,29-01-2025,Nesari,Chocolate Bar,Snacks,2,45,33.3,1,UPI,New,No,5
B12505,17-04-2025,Ajara,Bathing Soap,Personal Care,5,42,26.88,6,Cash,New,No,2
B11149,20-09-2025,Chandgad,Dishwash Bar,Household,2,28,19.88,5,Cash,New,No,3
B11831,24-07-2025,Nesari,Soft Drink 750ml,Beverages,8,45,35.55,1,Cash,Returning,No,5
B12464,04-10-2025,Ajara,Dishwash Bar,Household,4,28,19.88,6,Cash,Returning,No,2
B11920,14-10-2025,Ajara,Biscuit Pack,Snacks,1,30,23.4,6,UPI,New,No,4
B11138,26-06-2025,Nesari,Curd 400g,Dairy,8,32,28.8,11,Cash,Returning,No,5
B10011,06-07-2025,Gadhinglaj,Tea Powder 250g,Beverages,4,135,108.0,5,UPI,Returning,No,5
B12707,23-07-2025,Gadhinglaj,Dishwash Bar,Household,2,28,19.88,15,UPI,New,No,4
B11141,31-03-2025,Chandgad,Instant Coffee 50g,Beverages,3,195,150.15,0,Card,New,No,5
B10677,28-03-2025,Nesari,Toothpaste,Personal Care,1,98,61.74,1,UPI,Returning,No,5
B12584,05-03-2025,Chandgad,Detergent Powder 1kg,Household,3,130,94.9,0,Cash,Returning,No,4
B10482,25-01-2025,Chandgad,Cooking Oil 1L,Staples,4,145,133.4,15,Cash,New,No,5
B11544,10-07-2025,Chandgad,Biscuit Pack,Snacks,9,30,23.4,5,Cash,Returning,No,4
B10032,14-06-2025,Gadhinglaj,Detergent Powder 1kg,Household,4,130,94.9,0,UPI,New,No,5
B10720,03-02-2025,Gadhinglaj,Cooking Oil 1L,Staples,3,145,133.4,20,UPI,Returning,No,5
B11937,15-06-2025,Gadhinglaj,Milk Pouch 500ml,Dairy,11,27,24.57,5,UPI,New,No,5
B10545,12-03-2025,Gadhinglaj,Wafers 100g,Snacks,6,40,30.8,10,UPI,New,No,4
B11359,03-06-2025,Chandgad,Milk Pouch 500ml,Dairy,6,27,24.57,10,UPI,Returning,No,5
B11959,26-05-2025,Gadhinglaj,Milk Pouch 500ml,Dairy,9,27,24.57,5,UPI,New,No,5
B10664,20-05-2025,Chandgad,Tea Powder 250g,Beverages,2,135,108.0,0,UPI,Returning,No,4
B10825,25-07-2025,Gadhinglaj,Milk Pouch 500ml,Dairy,8,27,24.57,0,UPI,New,No,5
B12142,26-01-2025,Nesari,Bathing Soap,Personal Care,7,42,26.88,1,UPI,Returning,No,3
B11249,24-10-2025,Nesari,Detergent Powder 1kg,Household,5,130,94.9,6,UPI,Returning,No,5
B12926,20-03-2025,Nesari,Rice 10kg,Staples,1,620,533.2,1,UPI,New,No,4
B11794,21-08-2025,Chandgad,Shampoo Bottle,Personal Care,4,185,111.0,5,Cash,Returning,No,4
B12296,26-09-2025,Gadhinglaj,Broom,Household,9,95,66.5,5,UPI,New,No,5
B11052,31-03-2025,Chandgad,Milk Pouch 500ml,Dairy,2,27,24.57,10,Card,Returning,No,3
B10152,13-09-2025,Gadhinglaj,Chocolate Bar,Snacks,3,45,33.3,5,UPI,Returning,No,5
B10079,06-04-2025,Gadhinglaj,Namkeen 200g,Snacks,7,55,41.8,5,UPI,Returning,No,5
B12043,15-12-2025,Gadhinglaj,Detergent Powder 1kg,Household,1,130,94.9,0,Cash,New,No,5
B10811,13-09-2025,Nesari,Hair Oil 200ml,Personal Care,1,135,82.35,6,Cash,New,No,5
B10457,02-11-2025,Gadhinglaj,Cooking Oil 1L,Staples,1,145,133.4,15,UPI,New,No,5
B11137,15-07-2025,Ajara,Hair Oil 200ml,Personal Care,2,135,82.35,11,Card,Returning,No,3
B10662,14-02-2025,Gadhinglaj,Chocolate Bar,Snacks,1,45,33.3,5,Cash,Returning,Yes,5
B10831,24-05-2025,Gadhinglaj,Paneer 200g,Dairy,8,95,84.55,0,UPI,Returning,No,5
B12176,04-02-2025,Gadhinglaj,Cooking Oil 1L,Staples,6,145,133.4,20,Cash,Returning,No,5
B11083,01-05-2025,Chandgad,Hair Oil 200ml,Personal Care,3,135,82.35,0,Cash,Returning,No,4
B10820,21-07-2025,Chandgad,Paneer 200g,Dairy,1,95,84.55,15,Cash,Returning,No,4
B10136,15-09-2025,Ajara,Chocolate Bar,Snacks,5,45,33.3,6,Cash,New,No,2
B10431,09-10-2025,Nesari,Bathing Soap,Personal Care,2,42,26.88,6,Card,Returning,No,3
B12216,14-08-2025,Gadhinglaj,Tea Powder 250g,Beverages,2,135,108.0,0,UPI,New,No,5
B11763,19-04-2025,Gadhinglaj,Wafers 100g,Snacks,5,40,30.8,5,UPI,Returning,No,5
B10016,27-10-2025,Nesari,Namkeen 200g,Snacks,7,55,41.8,16,UPI,Returning,No,5
B10772,25-11-2025,Nesari,Wafers 100g,Snacks,7,40,30.8,1,UPI,New,No,4
B10604,23-03-2025,Ajara,Soft Drink 750ml,Beverages,5,45,35.55,16,Card,Returning,No,4
B10393,05-12-2025,Gadhinglaj,Butter 100g,Dairy,8,58,52.2,15,UPI,Returning,No,5
B10439,03-09-2025,Chandgad,Dishwash Bar,Household,5,28,19.88,10,UPI,New,No,3
B11629,30-06-2025,Gadhinglaj,Butter 100g,Dairy,2,58,52.2,0,UPI,Returning,No,5
B12191,26-11-2025,Ajara,Cooking Oil 1L,Staples,3,145,133.4,26,Cash,Returning,No,3
B12085,31-08-2025,Ajara,Tea Powder 250g,Beverages,3,135,108.0,11,Cash,New,No,3
B10078,23-03-2025,Gadhinglaj,Milk Pouch 500ml,Dairy,8,27,24.57,15,UPI,Returning,Yes,5
B10572,22-12-2025,Chandgad,Bathing Soap,Personal Care,8,42,26.88,5,UPI,New,No,4
B10012,04-05-2025,Chandgad,Milk Pouch 500ml,Dairy,6,27,24.57,0,Card,Returning,No,4
B11006,11-01-2025,Chandgad,Wheat Flour 5kg,Staples,1,210,178.5,15,Cash,Returning,No,3
B11914,26-05-2025,Nesari,Curd 400g,Dairy,2,32,28.8,11,Card,New,No,4
B10468,13-11-2025,Ajara,Namkeen 200g,Snacks,5,55,41.8,6,Card,Returning,No,3
B10753,20-06-2025,Nesari,Paneer 200g,Dairy,5,95,84.55,16,UPI,Returning,No,5
B12649,16-01-2025,Ajara,Milk Pouch 500ml,Dairy,6,27,24.57,11,Card,New,No,2
B11190,23-04-2025,Ajara,Detergent Powder 1kg,Household,2,130,94.9,6,Card,New,No,4
B12126,29-03-2025,Nesari,Chocolate Bar,Snacks,8,45,33.3,1,Card,Returning,No,5
B12612,03-08-2025,Gadhinglaj,Sugar 1kg,Staples,11,46,40.48,15,UPI,Returning,No,5
B10807,13-10-2025,Chandgad,Sugar 1kg,Staples,8,46,40.48,0,UPI,New,Yes,4
B12695,27-06-2025,Gadhinglaj,Tur Dal 1kg,Staples,3,155,130.2,0,Cash,New,No,4
B11765,04-10-2025,Chandgad,Milk Pouch 500ml,Dairy,5,27,24.57,5,Cash,Returning,No,5
B12465,03-12-2025,Chandgad,Curd 400g,Dairy,5,32,28.8,15,Cash,Returning,No,4
B10730,01-06-2025,Chandgad,Detergent Powder 1kg,Household,5,130,94.9,5,Cash,New,No,5
B10981,14-09-2025,Ajara,Toothpaste,Personal Care,3,98,61.74,6,Cash,Returning,No,4
B10782,02-04-2025,Chandgad,Detergent Powder 1kg,Household,2,130,94.9,0,Cash,Returning,Yes,4
B12562,07-10-2025,Ajara,Biscuit Pack,Snacks,5,30,23.4,6,Cash,Returning,No,3
B12676,13-01-2025,Gadhinglaj,Tea Powder 250g,Beverages,1,135,108.0,5,Cash,New,No,5
B12330,15-12-2025,Chandgad,Namkeen 200g,Snacks,5,55,41.8,0,Cash,Returning,No,4
B12194,17-09-2025,Gadhinglaj,Biscuit Pack,Snacks,8,30,23.4,0,UPI,Returning,No,5
B11210,04-09-2025,Nesari,Toothpaste,Personal Care,7,98,61.74,1,Cash,Returning,No,5
B10722,18-04-2025,Gadhinglaj,Milk Pouch 500ml,Dairy,5,27,24.57,0,UPI,New,No,5
B10969,30-01-2025,Nesari,Toothpaste,Personal Care,3,98,61.74,1,UPI,Returning,No,5
B11512,17-08-2025,Gadhinglaj,Biscuit Pack,Snacks,11,30,23.4,0,UPI,Returning,No,5
B10282,15-05-2025,Nesari,Curd 400g,Dairy,2,32,28.8,1,UPI,Returning,No,4
B12498,01-12-2025,Gadhinglaj,Namkeen 200g,Snacks,4,55,41.8,5,UPI,Returning,No,5
B11066,23-12-2025,Nesari,Toothpaste,Personal Care,5,98,61.74,6,Card,Returning,No,3
B12767,30-09-2025,Gadhinglaj,Dishwash Bar,Household,4,28,19.88,5,UPI,Returning,No,5
B10371,05-09-2025,Gadhinglaj,Sugar 1kg,Staples,6,46,40.48,0,Card,Returning,No,4
B12985,15-09-2025,Ajara,Phenyl 500ml,Household,3,72,51.84,6,Cash,New,Yes,2
B12203,07-11-2025,Chandgad,Tur Dal 1kg,Staples,3,155,130.2,5,UPI,New,No,4
B10907,03-03-2025,Gadhinglaj,Detergent Powder 1kg,Household,1,130,94.9,5,UPI,New,No,5
B11346,03-12-2025,Nesari,Biscuit Pack,Snacks,3,30,23.4,6,UPI,Returning,No,5
B10044,14-10-2025,Ajara,Cooking Oil 1L,Staples,4,145,133.4,21,Cash,Returning,No,4
B10745,23-10-2025,Gadhinglaj,Butter 100g,Dairy,6,58,52.2,5,UPI,New,No,4
B11940,01-04-2025,Gadhinglaj,Wheat Flour 5kg,Staples,3,210,178.5,5,UPI,Returning,No,5
B11619,03-02-2025,Nesari,Biscuit Pack,Snacks,4,30,23.4,1,Cash,Returning,No,5
B10167,12-11-2025,Gadhinglaj,Paneer 200g,Dairy,9,95,84.55,0,Card,Returning,No,5
B11652,17-10-2025,Gadhinglaj,Milk Pouch 500ml,Dairy,2,27,24.57,15,UPI,Returning,No,5
B10528,14-09-2025,Nesari,Curd 400g,Dairy,5,32,28.8,16,UPI,New,No,4
B11992,29-12-2025,Chandgad,Milk Pouch 500ml,Dairy,7,27,24.57,15,Card,Returning,No,5
B10394,20-05-2025,Gadhinglaj,Cooking Oil 1L,Staples,1,145,133.4,20,Cash,New,No,5
B11365,28-01-2025,Gadhinglaj,Biscuit Pack,Snacks,7,30,23.4,0,Card,Returning,No,5
B11600,23-07-2025,Gadhinglaj,Milk Pouch 500ml,Dairy,6,27,24.57,5,UPI,New,No,5
B11910,14-05-2025,Gadhinglaj,Tea Powder 250g,Beverages,3,135,108.0,15,UPI,New,No,5
B11945,01-08-2025,Nesari,Rice 10kg,Staples,2,620,533.2,1,Cash,New,No,4
B10764,24-01-2025,Nesari,Shampoo Bottle,Personal Care,2,185,111.0,1,UPI,New,No,5
B11613,17-08-2025,Chandgad,Milk Pouch 500ml,Dairy,4,27,24.57,0,Cash,Returning,No,5
B10524,22-02-2025,Nesari,Tea Powder 250g,Beverages,6,135,108.0,11,Card,Returning,No,3
B10839,03-04-2025,Nesari,Milk Pouch 500ml,Dairy,7,27,24.57,1,Card,Returning,No,3
B10229,18-12-2025,Chandgad,Rice 10kg,Staples,4,620,533.2,0,Cash,Returning,No,3
B12619,25-11-2025,Nesari,Detergent Powder 1kg,Household,4,130,94.9,1,Cash,Returning,No,5
B10735,07-07-2025,Chandgad,Rice 10kg,Staples,5,620,533.2,10,UPI,Returning,No,4
B12382,14-10-2025,Ajara,Bathing Soap,Personal Care,1,42,26.88,6,Cash,New,No,3
B11219,21-06-2025,Chandgad,Rice 10kg,Staples,3,620,533.2,5,UPI,Returning,No,5
B10593,19-08-2025,Gadhinglaj,Wafers 100g,Snacks,7,40,30.8,5,UPI,Returning,No,4
B10285,15-03-2025,Chandgad,Soft Drink 750ml,Beverages,5,45,35.55,0,Card,Returning,No,
B12221,09-03-2025,Gadhinglaj,Butter 100g,Dairy,5,58,52.2,5,Cash,Returning,No,5
B12749,09-05-2025,Gadhinglaj,Hair Oil 200ml,Personal Care,1,135,82.35,0,UPI,New,No,5
B12069,23-07-2025,Chandgad,Paneer 200g,Dairy,8,95,84.55,0,UPI,New,No,3
B11880,10-09-2025,Ajara,Hair Oil 200ml,Personal Care,3,135,82.35,6,Cash,New,No,3
B10448,15-02-2025,Gadhinglaj,Cooking Oil 1L,Staples,1,145,133.4,15,UPI,Returning,No,5
B12791,14-12-2025,Nesari,Milk Pouch 500ml,Dairy,8,27,24.57,1,Card,New,No,4
B12703,13-01-2025,Nesari,Milk Pouch 500ml,Dairy,8,27,24.57,1,UPI,New,No,3
B10989,12-11-2025,Ajara,Milk Pouch 500ml,Dairy,4,27,24.57,11,Card,Returning,No,3
B12359,30-09-2025,Gadhinglaj,Milk Pouch 500ml,Dairy,7,27,24.57,5,Card,New,No,5
B10250,12-01-2025,Chandgad,Biscuit Pack,Snacks,1,30,23.4,0,UPI,Returning,No,5
B10587,03-12-2025,Chandgad,Wafers 100g,Snacks,5,40,30.8,0,Card,Returning,No,4
B11547,15-09-2025,Gadhinglaj,Cooking Oil 1L,Staples,2,145,133.4,25,UPI,Returning,No,5
B10042,20-02-2025,Gadhinglaj,Milk Pouch 500ml,Dairy,7,27,24.57,0,Cash,Returning,No,5
B12190,11-05-2025,Gadhinglaj,Dishwash Bar,Household,4,28,19.88,0,Card,New,Yes,5
B11068,27-02-2025,Gadhinglaj,Instant Coffee 50g,Beverages,1,195,150.15,10,UPI,Returning,No,5
B10863,11-03-2025,Gadhinglaj,Cooking Oil 1L,Staples,5,145,133.4,15,Card,Returning,No,5
B12247,07-11-2025,Gadhinglaj,Sugar 1kg,Staples,6,46,40.48,10,UPI,New,No,4
B12313,07-10-2025,Gadhinglaj,Butter 100g,Dairy,3,58,52.2,5,UPI,New,No,5
B11105,27-11-2025,Nesari,Butter 100g,Dairy,6,58,52.2,1,Cash,New,No,4
B11305,25-09-2025,Chandgad,Cooking Oil 1L,Staples,4,145,133.4,25,Card,New,No,3
B10261,02-08-2025,Chandgad,Detergent Powder 1kg,Household,2,130,94.9,0,Cash,Returning,No,3
B10866,28-12-2025,Gadhinglaj,Curd 400g,Dairy,12,32,28.8,15,UPI,Returning,No,5
B10273,14-12-2025,Nesari,Sugar 1kg,Staples,6,46,40.48,16,UPI,Returning,No,4
B11885,23-06-2025,Chandgad,Butter 100g,Dairy,4,58,52.2,0,UPI,New,No,4
B10144,26-08-2025,Ajara,Cooking Oil 1L,Staples,1,145,133.4,16,Cash,New,No,3
B12922,17-02-2025,Gadhinglaj,Dishwash Bar,Household,5,28,19.88,5,UPI,New,No,5
B10161,25-11-2025,Gadhinglaj,Cooking Oil 1L,Staples,5,145,133.4,25,UPI,Returning,Yes,5
B12967,30-05-2025,Gadhinglaj,Cooking Oil 1L,Staples,5,145,133.4,15,UPI,Returning,No,5
B11582,25-08-2025,Chandgad,Curd 400g,Dairy,1,32,28.8,0,Cash,New,No,5
B12205,09-05-2025,Nesari,Wafers 100g,Snacks,3,40,30.8,1,Cash,Returning,No,4
B10712,07-09-2025,Ajara,Phenyl 500ml,Household,1,72,51.84,6,UPI,New,No,4
B10135,31-10-2025,Chandgad,Cooking Oil 1L,Staples,4,145,133.4,10,UPI,Returning,No,4
B11859,27-10-2025,Nesari,Tur Dal 1kg,Staples,3,155,130.2,6,UPI,New,No,4
B11947,28-02-2025,Chandgad,Milk Pouch 500ml,Dairy,8,27,24.57,5,UPI,Returning,No,5
B11844,04-03-2025,Nesari,Wheat Flour 5kg,Staples,1,210,178.5,1,Cash,Returning,No,4
B12411,31-05-2025,Gadhinglaj,Bathing Soap,Personal Care,6,42,26.88,0,Cash,New,No,5
B10074,21-01-2025,Chandgad,Milk Pouch 500ml,Dairy,2,27,24.57,0,Cash,Returning,Yes,4
B11507,12-10-2025,Ajara,Broom,Household,8,95,66.5,21,Cash,Returning,No,3
B12153,12-10-2025,Ajara,Wheat Flour 5kg,Staples,1,210,178.5,6,Card,New,No,3
B11991,03-02-2025,Gadhinglaj,Tur Dal 1kg,Staples,6,155,130.2,5,UPI,Returning,No,5
B11103,15-07-2025,Gadhinglaj,Dishwash Bar,Household,7,28,19.88,0,UPI,New,Yes,5
B10338,18-11-2025,Nesari,Cooking Oil 1L,Staples,2,145,133.4,16,Card,Returning,No,5
B11644,08-09-2025,Gadhinglaj,Paneer 200g,Dairy,8,95,84.55,10,UPI,Returning,No,5
B12563,18-03-2025,Chandgad,Milk Pouch 500ml,Dairy,1,27,24.57,10,UPI,New,No,4
B11659,12-08-2025,Chandgad,Chocolate Bar,Snacks,7,45,33.3,15,UPI,Returning,No,5
B12474,11-01-2025,Gadhinglaj,Milk Pouch 500ml,Dairy,5,27,24.57,5,UPI,Returning,No,5
B10636,24-07-2025,Chandgad,Biscuit Pack,Snacks,6,30,23.4,5,Card,Returning,No,4
B11860,28-11-2025,Gadhinglaj,Shampoo Bottle,Personal Care,3,185,111.0,0,UPI,New,No,5
B11625,15-01-2025,Nesari,Cooking Oil 1L,Staples,3,145,133.4,21,UPI,Returning,No,4
B11581,09-09-2025,Gadhinglaj,Biscuit Pack,Snacks,8,30,23.4,5,UPI,New,No,5
B10007,16-10-2025,Chandgad,Tur Dal 1kg,Staples,3,155,130.2,10,Card,Returning,No,5
B12496,28-09-2025,Gadhinglaj,Phenyl 500ml,Household,7,72,51.84,0,UPI,New,No,5
B12453,19-10-2025,Chandgad,Milk Pouch 500ml,Dairy,6,27,24.57,10,Card,Returning,No,5
B10596,09-10-2025,Gadhinglaj,Soft Drink 750ml,Beverages,7,45,35.55,0,UPI,Returning,Yes,4
B10974,14-06-2025,Ajara,Namkeen 200g,Snacks,5,55,41.8,16,Card,Returning,No,2
B11218,10-04-2025,Nesari,Soft Drink 750ml,Beverages,8,45,35.55,6,Cash,New,No,5
B11112,18-04-2025,Gadhinglaj,Instant Coffee 50g,Beverages,3,195,150.15,0,UPI,New,No,5
B11179,19-05-2025,Chandgad,Wafers 100g,Snacks,6,40,30.8,5,UPI,New,No,4
B11821,15-01-2025,Chandgad,Tur Dal 1kg,Staples,2,155,130.2,0,UPI,Returning,No,4
B10248,04-09-2025,Chandgad,Toothpaste,Personal Care,9,98,61.74,0,Card,Returning,No,5
B10440,15-04-2025,Chandgad,Biscuit Pack,Snacks,5,30,23.4,5,Cash,New,No,3
B12800,30-06-2025,Gadhinglaj,Tea Powder 250g,Beverages,5,135,108.0,10,Cash,New,No,5
B12862,17-03-2025,Gadhinglaj,Curd 400g,Dairy,7,32,28.8,5,Cash,New,No,5
B10988,10-04-2025,Nesari,Milk Pouch 500ml,Dairy,8,27,24.57,6,UPI,Returning,No,4
B10637,09-11-2025,Chandgad,Namkeen 200g,Snacks,10,55,41.8,0,Card,New,No,5
B12362,24-04-2025,Chandgad,Cooking Oil 1L,Staples,1,145,133.4,20,Card,Returning,No,5
B12166,24-09-2025,Gadhinglaj,Biscuit Pack,Snacks,3,30,23.4,15,UPI,Returning,No,5
B12538,14-03-2025,Nesari,Butter 100g,Dairy,6,58,52.2,1,UPI,Returning,No,3
B12338,21-11-2025,Gadhinglaj,Bathing Soap,Personal Care,6,42,26.88,0,UPI,Returning,No,5
B10244,27-03-2025,Chandgad,Wafers 100g,Snacks,3,40,30.8,15,Cash,Returning,No,4
B11032,20-08-2025,Chandgad,Cooking Oil 1L,Staples,2,145,133.4,20,Cash,Returning,No,3
B12551,06-01-2025,Gadhinglaj,Toothpaste,Personal Care,6,98,61.74,5,UPI,Returning,No,5
B10925,20-08-2025,Gadhinglaj,Paneer 200g,Dairy,3,95,84.55,0,Cash,New,No,5
B10933,15-02-2025,Chandgad,Chocolate Bar,Snacks,7,45,33.3,0,Card,Returning,No,3
B12849,05-01-2025,Nesari,Dishwash Bar,Household,2,28,19.88,6,Cash,New,No,5
B10559,01-11-2025,Chandgad,Wheat Flour 5kg,Staples,4,210,178.5,15,Cash,New,No,5
B11120,27-08-2025,Gadhinglaj,Curd 400g,Dairy,7,32,28.8,15,UPI,New,No,5
B10775,04-08-2025,Nesari,Cooking Oil 1L,Staples,5,145,133.4,16,Cash,Returning,No,5
B12928,04-08-2025,Chandgad,Biscuit Pack,Snacks,3,30,23.4,15,UPI,New,No,4
B12258,08-05-2025,Gadhinglaj,Rice 10kg,Staples,3,620,533.2,15,UPI,New,No,5
B12755,23-04-2025,Gadhinglaj,Chocolate Bar,Snacks,10,45,33.3,5,Cash,Returning,No,5
B11640,18-08-2025,Nesari,Bathing Soap,Personal Care,3,42,26.88,1,Cash,New,No,4
B11680,27-03-2025,Gadhinglaj,Wheat Flour 5kg,Staples,2,210,178.5,5,UPI,Returning,No,5
B11730,16-07-2025,Ajara,Sugar 1kg,Staples,5,46,40.48,11,UPI,Returning,No,2
B11518,12-11-2025,Gadhinglaj,Milk Pouch 500ml,Dairy,3,27,24.57,0,Cash,New,No,5
B12892,12-10-2025,Gadhinglaj,Cooking Oil 1L,Staples,6,145,133.4,20,Card,New,No,5
B12288,26-03-2025,Chandgad,Milk Pouch 500ml,Dairy,6,27,24.57,10,Card,Returning,No,4
B11051,22-03-2025,Nesari,Namkeen 200g,Snacks,6,55,41.8,6,Cash,New,No,5
B10028,27-01-2025,Gadhinglaj,Biscuit Pack,Snacks,3,30,23.4,10,UPI,Returning,No,5
B11683,01-10-2025,Ajara,Curd 400g,Dairy,6,32,28.8,6,UPI,New,No,2
B11448,01-07-2025,Gadhinglaj,Detergent Powder 1kg,Household,1,130,94.9,0,Card,Returning,No,5
B10666,06-10-2025,Gadhinglaj,Wafers 100g,Snacks,2,40,30.8,15,Card,Returning,No,5
B10847,08-01-2025,Ajara,Biscuit Pack,Snacks,2,30,23.4,6,Card,New,No,2
B10827,16-08-2025,Nesari,Tea Powder 250g,Beverages,5,135,108.0,11,UPI,Returning,No,5
B11570,10-12-2025,Gadhinglaj,Biscuit Pack,Snacks,3,30,23.4,5,UPI,New,No,5
B11735,03-12-2025,Nesari,Milk Pouch 500ml,Dairy,9,27,24.57,1,Cash,Returning,No,5
B10370,18-06-2025,Gadhinglaj,Cooking Oil 1L,Staples,2,145,133.4,15,Card,New,No,5
B10739,02-04-2025,Ajara,Biscuit Pack,Snacks,7,30,23.4,21,Cash,Returning,No,4
B12081,10-04-2025,Nesari,Tea Powder 250g,Beverages,2,135,108.0,1,Cash,New,No,3
B11963,26-10-2025,Nesari,Milk Pouch 500ml,Dairy,8,27,24.57,6,Card,New,No,5
B10872,17-07-2025,Nesari,Toothpaste,Personal Care,6,98,61.74,1,Cash,New,No,5
B10638,02-01-2025,Chandgad,Milk Pouch 500ml,Dairy,1,27,24.57,0,Cash,New,No,5
B11599,02-02-2025,Gadhinglaj,Dishwash Bar,Household,10,28,19.88,0,Cash,New,No,5
B12901,29-06-2025,Nesari,Wheat Flour 5kg,Staples,4,210,178.5,6,Card,Returning,No,5
B11946,27-07-2025,Gadhinglaj,Curd 400g,Dairy,6,32,28.8,5,Cash,New,No,5
B11178,18-01-2025,Nesari,Rice 10kg,Staples,3,620,533.2,1,Card,New,No,5
B10163,01-01-2025,Chandgad,Chocolate Bar,Snacks,7,45,33.3,0,Cash,Returning,Yes,4
B10937,05-09-2025,Gadhinglaj,Rice 10kg,Staples,3,620,533.2,0,UPI,Returning,No,5
B11631,20-06-2025,Chandgad,Detergent Powder 1kg,Household,2,130,94.9,10,Card,Returning,No,3
B12234,25-01-2025,Nesari,Butter 100g,Dairy,6,58,52.2,1,Cash,Returning,No,4
B12490,27-04-2025,Nesari,Cooking Oil 1L,Staples,3,145,133.4,21,Cash,Returning,No,4
B12708,10-01-2025,Nesari,Milk Pouch 500ml,Dairy,8,27,24.57,16,Card,Returning,No,
B11936,16-11-2025,Gadhinglaj,Milk Pouch 500ml,Dairy,11,27,24.57,0,UPI,Returning,No,5
B10823,13-11-2025,Chandgad,Bathing Soap,Personal Care,7,42,26.88,0,Cash,New,No,5
B10522,09-02-2025,Gadhinglaj,Phenyl 500ml,Household,1,72,51.84,5,Cash,Returning,No,4
B12786,16-06-2025,Gadhinglaj,Wheat Flour 5kg,Staples,4,210,178.5,5,Card,Returning,No,5
B11420,04-03-2025,Nesari,Wheat Flour 5kg,Staples,3,210,178.5,16,Cash,Returning,No,4
B10353,20-05-2025,Ajara,Wafers 100g,Snacks,5,40,30.8,6,Cash,Returning,No,3
B12946,10-08-2025,Gadhinglaj,Cooking Oil 1L,Staples,6,145,133.4,20,UPI,Returning,No,5
B10084,02-11-2025,Nesari,Wheat Flour 5kg,Staples,1,210,178.5,16,Cash,Returning,No,5
B11266,31-10-2025,Gadhinglaj,Face Cream,Personal Care,1,165,102.3,0,UPI,New,Yes,3
B11984,09-02-2025,Gadhinglaj,Cooking Oil 1L,Staples,6,145,133.4,15,Cash,New,No,5
B12523,05-11-2025,Gadhinglaj,Tur Dal 1kg,Staples,1,155,130.2,0,UPI,New,No,5
B12147,15-11-2025,Gadhinglaj,Tea Powder 250g,Beverages,7,135,108.0,5,UPI,Returning,No,5
B10799,03-09-2025,Gadhinglaj,Milk Pouch 500ml,Dairy,5,27,24.57,10,UPI,New,No,5
B10109,02-04-2025,Gadhinglaj,Soft Drink 750ml,Beverages,1,45,35.55,0,UPI,Returning,Yes,5
B11548,11-09-2025,Gadhinglaj,Curd 400g,Dairy,3,32,28.8,0,UPI,Returning,No,4
B11842,24-10-2025,Ajara,Tur Dal 1kg,Staples,3,155,130.2,6,UPI,New,No,3
B11435,14-04-2025,Gadhinglaj,Dishwash Bar,Household,3,28,19.88,5,UPI,Returning,No,4
B11903,14-03-2025,Gadhinglaj,Tur Dal 1kg,Staples,2,155,130.2,5,UPI,New,No,5
B11692,28-04-2025,Nesari,Instant Coffee 50g,Beverages,1,195,150.15,16,UPI,Returning,No,3
B10296,20-04-2025,Chandgad,Cooking Oil 1L,Staples,5,145,133.4,20,UPI,Returning,No,5
B10231,24-04-2025,Chandgad,Curd 400g,Dairy,7,32,28.8,5,Cash,New,No,4
B12653,14-02-2025,Ajara,Wafers 100g,Snacks,6,40,30.8,6,Card,Returning,No,3
B10859,30-03-2025,Nesari,Butter 100g,Dairy,3,58,52.2,6,UPI,Returning,No,5
B12716,22-04-2025,Gadhinglaj,Soft Drink 750ml,Beverages,8,45,35.55,0,UPI,Returning,No,4
B11214,12-12-2025,Nesari,Chocolate Bar,Snacks,1,45,33.3,1,Cash,New,No,5
B10500,23-07-2025,Chandgad,Milk Pouch 500ml,Dairy,2,27,24.57,0,UPI,Returning,No,4
B11381,01-11-2025,Nesari,Curd 400g,Dairy,2,32,28.8,6,Cash,Returning,No,4
B11157,15-05-2025,Nesari,Soft Drink 750ml,Beverages,4,45,35.55,6,UPI,New,No,5
B12014,22-06-2025,Nesari,Cooking Oil 1L,Staples,4,145,133.4,21,Cash,Returning,No,3
B11995,30-11-2025,Gadhinglaj,Biscuit Pack,Snacks,3,30,23.4,0,Card,New,No,5
B12261,02-09-2025,Gadhinglaj,Cooking Oil 1L,Staples,3,145,133.4,15,Card,Returning,No,5
B10140,22-10-2025,Gadhinglaj,Cooking Oil 1L,Staples,1,145,133.4,25,Card,New,No,5
B12844,10-09-2025,Chandgad,Wafers 100g,Snacks,2,40,30.8,0,Cash,Returning,No,4
B10350,30-05-2025,Ajara,Toothpaste,Personal Care,3,98,61.74,6,UPI,New,No,4
B11878,19-11-2025,Nesari,Cooking Oil 1L,Staples,3,145,133.4,11,UPI,Returning,No,4
B12452,05-03-2025,Nesari,Tea Powder 250g,Beverages,3,135,108.0,1,Cash,Returning,No,4
B10154,10-07-2025,Chandgad,Curd 400g,Dairy,8,32,28.8,0,UPI,Returning,No,4
B10112,23-01-2025,Chandgad,Broom,Household,8,95,66.5,5,Cash,Returning,No,4
B10595,02-12-2025,Nesari,Soft Drink 750ml,Beverages,7,45,35.55,16,Cash,New,No,4
B11014,16-09-2025,Gadhinglaj,Rice 10kg,Staples,2,620,533.2,0,Cash,Returning,No,5
B10446,24-08-2025,Gadhinglaj,Cooking Oil 1L,Staples,4,145,133.4,25,Card,New,No,5
B11295,22-07-2025,Gadhinglaj,Rice 10kg,Staples,2,620,533.2,15,Card,Returning,No,5
B11549,17-01-2025,Ajara,Milk Pouch 500ml,Dairy,1,27,24.57,6,Card,New,No,3
B12635,29-12-2025,Nesari,Hair Oil 200ml,Personal Care,1,135,82.35,1,Cash,New,No,4
B11186,18-02-2025,Nesari,Dishwash Bar,Household,6,28,19.88,6,Cash,Returning,No,5
B12074,28-03-2025,Chandgad,Bathing Soap,Personal Care,2,42,26.88,0,Card,New,No,4
B12230,20-02-2025,Gadhinglaj,Sugar 1kg,Staples,8,46,40.48,15,UPI,Returning,No,5
B11974,04-07-2025,Chandgad,Toothpaste,Personal Care,6,98,61.74,0,Cash,New,No,5
B12210,09-09-2025,Gadhinglaj,Dishwash Bar,Household,1,28,19.88,0,Card,Returning,No,5
B11172,13-12-2025,Nesari,Curd 400g,Dairy,6,32,28.8,1,UPI,Returning,No,5
B11383,11-10-2025,Chandgad,Milk Pouch 500ml,Dairy,7,27,24.57,10,Cash,New,No,5
B12046,21-02-2025,Ajara,Cooking Oil 1L,Staples,2,145,133.4,26,UPI,New,No,3
B12851,25-11-2025,Gadhinglaj,Wheat Flour 5kg,Staples,2,210,178.5,0,Card,Returning,No,5
B11224,20-10-2025,Chandgad,Sugar 1kg,Staples,4,46,40.48,10,UPI,Returning,No,5
B10818,04-12-2025,Nesari,Curd 400g,Dairy,2,32,28.8,6,Cash,New,No,5
B10864,07-09-2025,Nesari,Milk Pouch 500ml,Dairy,8,27,24.57,1,Cash,Returning,No,4
B10935,11-05-2025,Gadhinglaj,Tur Dal 1kg,Staples,6,155,130.2,0,UPI,New,No,5
B10805,19-03-2025,Gadhinglaj,Phenyl 500ml,Household,9,72,51.84,0,UPI,New,No,5
B12947,15-02-2025,Ajara,Milk Pouch 500ml,Dairy,4,27,24.57,11,Card,Returning,No,3
B10449,10-05-2025,Nesari,Detergent Powder 1kg,Household,3,130,94.9,1,UPI,New,No,5
B12331,14-08-2025,Chandgad,Biscuit Pack,Snacks,5,30,23.4,10,Card,New,No,4
B12732,25-01-2025,Chandgad,Sugar 1kg,Staples,7,46,40.48,0,Cash,Returning,No,4
B10616,01-10-2025,Ajara,Bathing Soap,Personal Care,7,42,26.88,6,Card,Returning,No,3
B12064,07-06-2025,Gadhinglaj,Dishwash Bar,Household,4,28,19.88,0,UPI,New,No,4
B10422,09-04-2025,Chandgad,Tur Dal 1kg,Staples,3,155,130.2,10,Cash,Returning,No,5
B10344,16-11-2025,Nesari,Milk Pouch 500ml,Dairy,8,27,24.57,1,UPI,New,Yes,3
B12894,02-06-2025,Gadhinglaj,Phenyl 500ml,Household,1,72,51.84,0,UPI,Returning,No,5
B11453,06-11-2025,Gadhinglaj,Biscuit Pack,Snacks,1,30,23.4,5,UPI,New,No,5
B12776,13-02-2025,Gadhinglaj,Namkeen 200g,Snacks,1,55,41.8,15,UPI,Returning,No,5
B10503,14-11-2025,Nesari,Chocolate Bar,Snacks,6,45,33.3,1,Card,New,No,3
B10632,24-05-2025,Ajara,Instant Coffee 50g,Beverages,1,195,150.15,6,UPI,New,No,2
B10790,15-09-2025,Chandgad,Wafers 100g,Snacks,3,40,30.8,10,Cash,New,No,4
B12199,29-05-2025,Nesari,Biscuit Pack,Snacks,6,30,23.4,16,Cash,New,Yes,4
B10314,14-12-2025,Nesari,Biscuit Pack,Snacks,8,30,23.4,1,Card,New,No,3
B10180,03-03-2025,Gadhinglaj,Curd 400g,Dairy,3,32,28.8,5,UPI,New,No,5
B10939,26-02-2025,Chandgad,Milk Pouch 500ml,Dairy,8,27,24.57,5,UPI,Returning,No,4
B12371,24-02-2025,Nesari,Phenyl 500ml,Household,5,72,51.84,1,Card,Returning,No,3
B10259,12-09-2025,Chandgad,Soft Drink 750ml,Beverages,4,45,35.55,10,Card,New,No,
B11539,21-05-2025,Chandgad,Detergent Powder 1kg,Household,2,130,94.9,0,Cash,Returning,No,5
B11564,24-12-2025,Ajara,Broom,Household,4,95,66.5,21,Cash,Returning,No,3
B11379,11-11-2025,Chandgad,Tea Powder 250g,Beverages,3,135,108.0,0,Card,Returning,No,3
B12886,08-10-2025,Nesari,Detergent Powder 1kg,Household,2,130,94.9,6,Card,Returning,No,3
B11590,12-12-2025,Gadhinglaj,Cooking Oil 1L,Staples,6,145,133.4,15,Card,Returning,No,5
B11956,11-10-2025,Nesari,Cooking Oil 1L,Staples,3,145,133.4,26,UPI,Returning,No,5
B12346,04-03-2025,Chandgad,Soft Drink 750ml,Beverages,7,45,35.55,10,UPI,New,No,5
B10389,05-04-2025,Nesari,Wafers 100g,Snacks,2,40,30.8,1,Card,New,No,5
B10561,28-10-2025,Gadhinglaj,Dishwash Bar,Household,8,28,19.88,0,Card,Returning,No,5
B10018,28-01-2025,Ajara,Wafers 100g,Snacks,6,40,30.8,11,Cash,New,No,4
B12588,08-09-2025,Chandgad,Wafers 100g,Snacks,5,40,30.8,5,Cash,New,No,5
B10798,27-05-2025,Nesari,Detergent Powder 1kg,Household,1,130,94.9,1,Cash,New,No,4
B12665,24-01-2025,Gadhinglaj,Sugar 1kg,Staples,2,46,40.48,0,UPI,New,No,4
B12570,30-09-2025,Gadhinglaj,Rice 10kg,Staples,6,620,533.2,15,UPI,Returning,No,5
B11313,03-10-2025,Nesari,Detergent Powder 1kg,Household,1,130,94.9,16,Cash,Returning,No,5
B11561,16-05-2025,Gadhinglaj,Butter 100g,Dairy,5,58,52.2,0,Card,Returning,No,4
B11135,13-03-2025,Nesari,Toothpaste,Personal Care,6,98,61.74,1,Cash,Returning,No,4
B12621,04-05-2025,Gadhinglaj,Curd 400g,Dairy,3,32,28.8,0,UPI,Returning,No,5
B11493,23-03-2025,Gadhinglaj,Namkeen 200g,Snacks,11,55,41.8,0,UPI,Returning,No,5
B11200,12-09-2025,Gadhinglaj,Dishwash Bar,Household,2,28,19.88,0,UPI,Returning,No,5
B10599,17-03-2025,Gadhinglaj,Dishwash Bar,Household,6,28,19.88,0,UPI,Returning,No,5
B11882,02-08-2025,Chandgad,Milk Pouch 500ml,Dairy,10,27,24.57,5,UPI,New,No,4
B12002,22-07-2025,Nesari,Rice 10kg,Staples,2,620,533.2,11,UPI,Returning,No,4
B10092,09-03-2025,Nesari,Chocolate Bar,Snacks,7,45,33.3,6,UPI,Returning,No,5
B11276,14-12-2025,Chandgad,Biscuit Pack,Snacks,10,30,23.4,15,Cash,Returning,No,
B12318,02-03-2025,Gadhinglaj,Biscuit Pack,Snacks,8,30,23.4,15,Cash,New,No,5
B12122,18-09-2025,Ajara,Milk Pouch 500ml,Dairy,4,27,24.57,6,Card,Returning,No,4
B10419,20-09-2025,Ajara,Biscuit Pack,Snacks,7,30,23.4,6,Cash,New,No,3
B11985,10-07-2025,Gadhinglaj,Cooking Oil 1L,Staples,2,145,133.4,25,Cash,New,No,5
B12582,13-11-2025,Gadhinglaj,Instant Coffee 50g,Beverages,1,195,150.15,10,Card,New,No,5
B10403,27-11-2025,Chandgad,Milk Pouch 500ml,Dairy,3,27,24.57,0,UPI,New,No,3
B11256,20-03-2025,Gadhinglaj,Broom,Household,9,95,66.5,5,Cash,Returning,No,5
B12128,25-08-2025,Nesari,Tea Powder 250g,Beverages,5,135,108.0,11,UPI,Returning,No,5
B10441,07-05-2025,Gadhinglaj,Detergent Powder 1kg,Household,2,130,94.9,5,UPI,Returning,No,5
B10101,01-02-2025,Gadhinglaj,Sugar 1kg,Staples,4,46,40.48,0,UPI,New,No,5
B10095,22-09-2025,Gadhinglaj,Curd 400g,Dairy,6,32,28.8,0,UPI,Returning,No,5
B12239,15-05-2025,Chandgad,Curd 400g,Dairy,7,32,28.8,10,Card,Returning,No,4
B12378,04-08-2025,Nesari,Namkeen 200g,Snacks,4,55,41.8,1,UPI,Returning,No,5
B11033,27-05-2025,Gadhinglaj,Sugar 1kg,Staples,3,46,40.48,5,UPI,Returning,No,4
B10443,08-05-2025,Gadhinglaj,Wheat Flour 5kg,Staples,2,210,178.5,5,Cash,New,No,5
B11769,18-02-2025,Gadhinglaj,Milk Pouch 500ml,Dairy,5,27,24.57,0,Card,Returning,No,5
B10779,20-09-2025,Nesari,Namkeen 200g,Snacks,7,55,41.8,6,Card,New,No,4
B10035,23-09-2025,Gadhinglaj,Biscuit Pack,Snacks,7,30,23.4,5,UPI,Returning,No,5
B12079,26-10-2025,Chandgad,Wheat Flour 5kg,Staples,1,210,178.5,0,Card,New,No,4
B10998,08-07-2025,Chandgad,Paneer 200g,Dairy,8,95,84.55,5,Card,Returning,No,5
B11460,01-11-2025,Gadhinglaj,Cooking Oil 1L,Staples,3,145,133.4,20,UPI,New,No,4
B10487,08-09-2025,Ajara,Wheat Flour 5kg,Staples,3,210,178.5,16,Cash,Returning,No,3
B10065,19-01-2025,Gadhinglaj,Paneer 200g,Dairy,7,95,84.55,15,UPI,Returning,No,5
B12118,08-11-2025,Gadhinglaj,Detergent Powder 1kg,Household,1,130,94.9,5,UPI,Returning,No,5
B13000,21-09-2025,Gadhinglaj,Toothpaste,Personal Care,1,98,61.74,0,Cash,Returning,No,5
B11019,02-04-2025,Nesari,Wheat Flour 5kg,Staples,3,210,178.5,6,Cash,New,No,4
B12822,12-11-2025,Gadhinglaj,Tur Dal 1kg,Staples,1,155,130.2,15,UPI,New,No,5
B10511,22-04-2025,Gadhinglaj,Bathing Soap,Personal Care,3,42,26.88,0,UPI,Returning,No,4
B10629,01-08-2025,Gadhinglaj,Milk Pouch 500ml,Dairy,9,27,24.57,0,UPI,New,No,5
B11399,05-08-2025,Gadhinglaj,Paneer 200g,Dairy,2,95,84.55,10,Card,New,No,4
B10903,15-02-2025,Gadhinglaj,Hair Oil 200ml,Personal Care,3,135,82.35,5,Cash,Returning,No,5
B10283,09-06-2025,Chandgad,Milk Pouch 500ml,Dairy,2,27,24.57,5,Cash,Returning,No,4
B11671,10-12-2025,Chandgad,Wheat Flour 5kg,Staples,4,210,178.5,0,Cash,Returning,No,4
B12568,23-02-2025,Gadhinglaj,Cooking Oil 1L,Staples,3,145,133.4,10,UPI,New,No,5
B10409,16-07-2025,Ajara,Wheat Flour 5kg,Staples,1,210,178.5,21,Card,New,No,3
B10070,09-05-2025,Nesari,Biscuit Pack,Snacks,8,30,23.4,6,UPI,New,No,4
B10910,05-08-2025,Chandgad,Butter 100g,Dairy,5,58,52.2,0,Cash,Returning,No,4
B11011,25-03-2025,Chandgad,Biscuit Pack,Snacks,7,30,23.4,0,Card,Returning,No,5
B12735,12-11-2025,Chandgad,Curd 400g,Dairy,1,32,28.8,0,Cash,New,No,5
B11059,11-04-2025,Gadhinglaj,Hair Oil 200ml,Personal Care,3,135,82.35,0,UPI,New,No,5
B11535,16-03-2025,Gadhinglaj,Toothpaste,Personal Care,4,98,61.74,5,UPI,New,No,5
B11370,04-01-2025,Gadhinglaj,Dishwash Bar,Household,6,28,19.88,0,UPI,Returning,No,5
B11761,14-10-2025,Chandgad,Hair Oil 200ml,Personal Care,2,135,82.35,0,Cash,Returning,No,4
B12717,25-03-2025,Gadhinglaj,Tur Dal 1kg,Staples,4,155,130.2,15,UPI,Returning,No,4
B11499,26-11-2025,Chandgad,Milk Pouch 500ml,Dairy,8,27,24.57,5,UPI,Returning,No,5
B10890,12-03-2025,Ajara,Milk Pouch 500ml,Dairy,4,27,24.57,11,UPI,Returning,No,3
B11277,19-11-2025,Chandgad,Wheat Flour 5kg,Staples,3,210,178.5,5,Card,Returning,No,4
B12520,19-03-2025,Gadhinglaj,Tur Dal 1kg,Staples,5,155,130.2,0,UPI,Returning,No,4
B10181,29-10-2025,Gadhinglaj,Cooking Oil 1L,Staples,3,145,133.4,10,UPI,New,No,5
B11615,20-01-2025,Ajara,Cooking Oil 1L,Staples,3,145,133.4,30,UPI,Returning,No,3
B10840,04-01-2025,Gadhinglaj,Biscuit Pack,Snacks,4,30,23.4,15,UPI,New,No,5
B11248,31-08-2025,Gadhinglaj,Tur Dal 1kg,Staples,2,155,130.2,0,UPI,Returning,No,5
B12722,18-04-2025,Gadhinglaj,Face Cream,Personal Care,4,165,102.3,0,UPI,Returning,Yes,4
B12410,23-03-2025,Gadhinglaj,Namkeen 200g,Snacks,7,55,41.8,10,Card,Returning,No,5
B11864,18-09-2025,Chandgad,Toothpaste,Personal Care,4,98,61.74,0,Card,New,No,5
B12927,22-07-2025,Gadhinglaj,Biscuit Pack,Snacks,4,30,23.4,0,UPI,Returning,No,4
B10132,08-07-2025,Gadhinglaj,Milk Pouch 500ml,Dairy,8,27,24.57,0,UPI,New,No,5
B10030,24-11-2025,Ajara,Butter 100g,Dairy,4,58,52.2,11,Cash,New,No,3
B11913,30-12-2025,Ajara,Butter 100g,Dairy,7,58,52.2,6,UPI,Returning,No,2
B10919,04-08-2025,Gadhinglaj,Cooking Oil 1L,Staples,1,145,133.4,20,UPI,New,No,5
B12597,12-04-2025,Ajara,Milk Pouch 500ml,Dairy,5,27,24.57,11,UPI,New,No,4
B11237,05-12-2025,Chandgad,Tea Powder 250g,Beverages,2,135,108.0,5,Cash,Returning,No,3
B11054,28-12-2025,Ajara,Detergent Powder 1kg,Household,3,130,94.9,6,Cash,Returning,No,4
B10060,22-09-2025,Chandgad,Cooking Oil 1L,Staples,5,145,133.4,20,UPI,Returning,No,5
B11553,06-02-2025,Gadhinglaj,Tur Dal 1kg,Staples,2,155,130.2,10,Card,New,No,5
B11712,18-10-2025,Nesari,Butter 100g,Dairy,6,58,52.2,11,UPI,New,No,4
B11904,22-08-2025,Nesari,Paneer 200g,Dairy,4,95,84.55,1,UPI,Returning,No,5
B11665,18-09-2025,Gadhinglaj,Sugar 1kg,Staples,7,46,40.48,0,UPI,Returning,No,4
B11272,12-02-2025,Gadhinglaj,Paneer 200g,Dairy,6,95,84.55,0,UPI,New,No,5
B11164,19-08-2025,Gadhinglaj,Biscuit Pack,Snacks,2,30,23.4,0,Cash,Returning,No,4
B11532,03-01-2025,Gadhinglaj,Wheat Flour 5kg,Staples,5,210,178.5,0,Card,Returning,No,5
B12035,11-07-2025,Gadhinglaj,Dishwash Bar,Household,8,28,19.88,5,UPI,Returning,No,4
B10979,30-03-2025,Chandgad,Milk Pouch 500ml,Dairy,10,27,24.57,5,Cash,New,No,4
B11329,09-12-2025,Gadhinglaj,Milk Pouch 500ml,Dairy,5,27,24.57,15,UPI,New,No,5
B10873,16-11-2025,Gadhinglaj,Paneer 200g,Dairy,12,95,84.55,0,Cash,Returning,No,5
B11580,20-11-2025,Nesari,Milk Pouch 500ml,Dairy,6,27,24.57,16,Cash,Returning,No,
B11899,11-09-2025,Ajara,Hair Oil 200ml,Personal Care,1,135,82.35,6,Cash,Returning,No,4
B11969,06-11-2025,Chandgad,Cooking Oil 1L,Staples,5,145,133.4,15,UPI,Returning,No,4
B12241,16-07-2025,Gadhinglaj,Tea Powder 250g,Beverages,3,135,108.0,0,Cash,Returning,No,5
B12059,04-12-2025,Gadhinglaj,Tur Dal 1kg,Staples,2,155,130.2,5,Card,Returning,No,5
B11236,14-11-2025,Gadhinglaj,Cooking Oil 1L,Staples,5,145,133.4,10,UPI,Returning,No,5
B11106,19-05-2025,Gadhinglaj,Wafers 100g,Snacks,3,40,30.8,0,Card,Returning,No,5
B11287,19-12-2025,Ajara,Chocolate Bar,Snacks,7,45,33.3,16,UPI,Returning,No,4
B11071,12-09-2025,Gadhinglaj,Wheat Flour 5kg,Staples,5,210,178.5,5,Card,New,No,5
B11595,29-03-2025,Gadhinglaj,Sugar 1kg,Staples,4,46,40.48,10,Card,Returning,No,5
B10589,21-10-2025,Chandgad,Butter 100g,Dairy,7,58,52.2,0,Card,Returning,No,5
B12399,21-09-2025,Gadhinglaj,Face Cream,Personal Care,4,165,102.3,0,Cash,Returning,No,5
B11791,07-11-2025,Chandgad,Wafers 100g,Snacks,2,40,30.8,10,Card,Returning,No,5
B10432,02-05-2025,Ajara,Milk Pouch 500ml,Dairy,3,27,24.57,16,Card,New,No,3
B12156,27-05-2025,Gadhinglaj,Milk Pouch 500ml,Dairy,3,27,24.57,15,Cash,Returning,No,4
B12252,19-05-2025,Gadhinglaj,Broom,Household,8,95,66.5,0,Card,New,No,4
B11233,19-11-2025,Chandgad,Namkeen 200g,Snacks,6,55,41.8,0,Card,Returning,No,5
B12361,27-02-2025,Chandgad,Shampoo Bottle,Personal Care,2,185,111.0,0,UPI,Returning,No,3
B11222,19-10-2025,Chandgad,Bathing Soap,Personal Care,3,42,26.88,0,Cash,Returning,No,4
B10463,13-11-2025,Ajara,Wheat Flour 5kg,Staples,1,210,178.5,6,Cash,New,No,3
B11187,01-08-2025,Ajara,Milk Pouch 500ml,Dairy,4,27,24.57,16,Cash,New,No,2
B10036,06-04-2025,Chandgad,Wheat Flour 5kg,Staples,4,210,178.5,15,Cash,Returning,No,5
B11101,08-01-2025,Chandgad,Milk Pouch 500ml,Dairy,5,27,24.57,0,Cash,Returning,No,
B10570,25-12-2025,Chandgad,Namkeen 200g,Snacks,5,55,41.8,0,UPI,Returning,No,4
B11968,31-01-2025,Gadhinglaj,Milk Pouch 500ml,Dairy,3,27,24.57,0,Card,Returning,Yes,5
B12370,20-09-2025,Gadhinglaj,Soft Drink 750ml,Beverages,3,45,35.55,10,UPI,New,No,5
B10882,13-08-2025,Nesari,Butter 100g,Dairy,4,58,52.2,11,UPI,New,No,4
B10555,19-08-2025,Ajara,Wheat Flour 5kg,Staples,1,210,178.5,6,Card,Returning,No,3
B12061,15-01-2025,Gadhinglaj,Curd 400g,Dairy,9,32,28.8,0,Card,New,No,5
B10185,27-05-2025,Ajara,Butter 100g,Dairy,6,58,52.2,6,Card,New,No,3
B11966,10-08-2025,Gadhinglaj,Toothpaste,Personal Care,6,98,61.74,0,UPI,New,No,5
B11330,11-03-2025,Nesari,Detergent Powder 1kg,Household,2,130,94.9,16,UPI,Returning,No,4
B10298,16-10-2025,Chandgad,Wheat Flour 5kg,Staples,1,210,178.5,10,UPI,Returning,No,4
B12868,24-06-2025,Gadhinglaj,Tur Dal 1kg,Staples,2,155,130.2,10,UPI,Returning,No,4
B11696,25-07-2025,Chandgad,Curd 400g,Dairy,2,32,28.8,0,UPI,Returning,No,5
B11234,29-09-2025,Chandgad,Sugar 1kg,Staples,2,46,40.48,0,Cash,Returning,No,5
B12398,05-09-2025,Gadhinglaj,Curd 400g,Dairy,8,32,28.8,0,Cash,New,No,5
B10854,12-03-2025,Gadhinglaj,Paneer 200g,Dairy,7,95,84.55,15,UPI,Returning,No,5
B11879,11-05-2025,Gadhinglaj,Tur Dal 1kg,Staples,2,155,130.2,0,UPI,Returning,No,5
B12098,12-09-2025,Gadhinglaj,Milk Pouch 500ml,Dairy,9,27,24.57,5,UPI,Returning,No,5
B12687,28-12-2025,Chandgad,Wafers 100g,Snacks,5,40,30.8,5,Cash,New,No,5
B10416,16-11-2025,Ajara,Curd 400g,Dairy,2,32,28.8,11,UPI,Returning,No,3
B11046,29-09-2025,Chandgad,Bathing Soap,Personal Care,7,42,26.88,0,Cash,New,No,5
B11267,18-10-2025,Chandgad,Wafers 100g,Snacks,5,40,30.8,0,UPI,New,Yes,5
B10968,02-03-2025,Gadhinglaj,Biscuit Pack,Snacks,12,30,23.4,5,UPI,Returning,No,5
B12699,10-11-2025,Chandgad,Wheat Flour 5kg,Staples,4,210,178.5,10,Cash,Returning,No,5
B10537,29-04-2025,Gadhinglaj,Hair Oil 200ml,Personal Care,3,135,82.35,0,UPI,New,No,5
B10504,31-05-2025,Ajara,Biscuit Pack,Snacks,2,30,23.4,11,Card,New,No,3
B10886,12-11-2025,Ajara,Paneer 200g,Dairy,2,95,84.55,16,Cash,New,No,4
B12442,13-07-2025,Chandgad,Biscuit Pack,Snacks,2,30,23.4,5,Cash,New,No,5
B11188,02-10-2025,Gadhinglaj,Curd 400g,Dairy,7,32,28.8,0,Cash,Returning,No,5
B12953,28-01-2025,Chandgad,Namkeen 200g,Snacks,5,55,41.8,5,UPI,Returning,No,5
B11583,17-12-2025,Gadhinglaj,Butter 100g,Dairy,7,58,52.2,5,Card,Returning,No,5
B12593,21-09-2025,Gadhinglaj,Milk Pouch 500ml,Dairy,2,27,24.57,15,UPI,Returning,No,4
B12804,19-05-2025,Chandgad,Tur Dal 1kg,Staples,5,155,130.2,5,Cash,Returning,No,5
B11253,01-12-2025,Gadhinglaj,Soft Drink 750ml,Beverages,6,45,35.55,15,UPI,Returning,No,5
B12149,09-02-2025,Nesari,Milk Pouch 500ml,Dairy,2,27,24.57,1,Card,New,No,5
B11031,30-12-2025,Ajara,Curd 400g,Dairy,6,32,28.8,16,UPI,New,No,3
B11333,02-10-2025,Chandgad,Phenyl 500ml,Household,5,72,51.84,15,Card,Returning,No,4
B12730,16-09-2025,Gadhinglaj,Curd 400g,Dairy,6,32,28.8,5,UPI,New,No,5
B10123,27-03-2025,Chandgad,Rice 10kg,Staples,4,620,533.2,5,Cash,Returning,No,5
B10932,30-03-2025,Gadhinglaj,Curd 400g,Dairy,11,32,28.8,10,UPI,Returning,No,5
B10087,22-11-2025,Gadhinglaj,Soft Drink 750ml,Beverages,2,45,35.55,15,UPI,Returning,No,5
B12372,16-02-2025,Nesari,Toothpaste,Personal Care,5,98,61.74,1,Cash,New,No,4
B10965,28-04-2025,Nesari,Paneer 200g,Dairy,6,95,84.55,6,UPI,New,No,5
B11893,11-04-2025,Gadhinglaj,Milk Pouch 500ml,Dairy,8,27,24.57,0,Card,Returning,No,5
B10221,21-08-2025,Gadhinglaj,Detergent Powder 1kg,Household,6,130,94.9,5,UPI,Returning,No,5
B12414,25-08-2025,Nesari,Namkeen 200g,Snacks,6,55,41.8,1,Cash,Returning,No,4
B12685,26-10-2025,Gadhinglaj,Sugar 1kg,Staples,1,46,40.48,0,UPI,New,No,5
B10746,01-04-2025,Gadhinglaj,Namkeen 200g,Snacks,9,55,41.8,5,UPI,Returning,No,5
B10702,31-03-2025,Chandgad,Dishwash Bar,Household,8,28,19.88,5,Card,Returning,No,3
B11896,03-01-2025,Chandgad,Chocolate Bar,Snacks,2,45,33.3,15,UPI,New,No,4
B12286,05-09-2025,Ajara,Tea Powder 250g,Beverages,3,135,108.0,16,Cash,Returning,No,2
B11155,21-01-2025,Gadhinglaj,Rice 10kg,Staples,6,620,533.2,15,UPI,Returning,No,5
B11156,02-05-2025,Nesari,Bathing Soap,Personal Care,9,42,26.88,1,UPI,Returning,No,4
B12905,22-12-2025,Chandgad,Milk Pouch 500ml,Dairy,1,27,24.57,10,Cash,Returning,No,5
B12871,12-06-2025,Chandgad,Biscuit Pack,Snacks,7,30,23.4,15,Cash,Returning,No,3
B12719,28-09-2025,Chandgad,Tur Dal 1kg,Staples,1,155,130.2,0,UPI,New,No,4
B11989,21-08-2025,Gadhinglaj,Biscuit Pack,Snacks,5,30,23.4,0,Card,Returning,Yes,5
B11360,24-02-2025,Ajara,Cooking Oil 1L,Staples,2,145,133.4,21,UPI,Returning,No,4
B12519,08-06-2025,Ajara,Tea Powder 250g,Beverages,2,135,108.0,11,UPI,Returning,No,3
B11017,21-10-2025,Gadhinglaj,Hair Oil 200ml,Personal Care,6,135,82.35,5,UPI,Returning,No,5
B12768,25-10-2025,Nesari,Milk Pouch 500ml,Dairy,9,27,24.57,1,Cash,New,No,4
B12598,15-12-2025,Ajara,Tur Dal 1kg,Staples,4,155,130.2,11,Card,Returning,No,2
B11921,28-04-2025,Gadhinglaj,Cooking Oil 1L,Staples,3,145,133.4,20,UPI,Returning,No,5
B10198,04-07-2025,Chandgad,Dishwash Bar,Household,3,28,19.88,0,Cash,Returning,No,4
B12299,24-11-2025,Gadhinglaj,Tur Dal 1kg,Staples,4,155,130.2,0,UPI,Returning,No,5
B11117,09-01-2025,Chandgad,Tea Powder 250g,Beverages,4,135,108.0,5,Card,New,No,5
B11413,02-06-2025,Gadhinglaj,Milk Pouch 500ml,Dairy,9,27,24.57,5,UPI,New,No,5
B12578,05-01-2025,Chandgad,Sugar 1kg,Staples,7,46,40.48,0,UPI,Returning,No,4
B11756,31-12-2025,Gadhinglaj,Curd 400g,Dairy,6,32,28.8,0,UPI,Returning,No,5
B10606,19-01-2025,Nesari,Rice 10kg,Staples,2,620,533.2,1,Card,Returning,No,4
B10768,05-04-2025,Nesari,Shampoo Bottle,Personal Care,2,185,111.0,1,Cash,New,No,4
B10434,29-11-2025,Gadhinglaj,Cooking Oil 1L,Staples,4,145,133.4,25,UPI,Returning,No,
B11467,27-06-2025,Gadhinglaj,Chocolate Bar,Snacks,3,45,33.3,0,Card,Returning,No,4
B12984,17-12-2025,Gadhinglaj,Hair Oil 200ml,Personal Care,3,135,82.35,5,Card,Returning,No,4
B11525,28-11-2025,Nesari,Milk Pouch 500ml,Dairy,3,27,24.57,6,UPI,New,No,5
B11445,13-06-2025,Ajara,Bathing Soap,Personal Care,1,42,26.88,6,Cash,Returning,No,4
B12305,01-09-2025,Nesari,Sugar 1kg,Staples,4,46,40.48,1,Cash,New,No,4
B10880,08-08-2025,Nesari,Shampoo Bottle,Personal Care,2,185,111.0,1,UPI,Returning,No,5
B12360,07-05-2025,Gadhinglaj,Wheat Flour 5kg,Staples,5,210,178.5,10,UPI,New,No,5
B11312,07-09-2025,Chandgad,Rice 10kg,Staples,3,620,533.2,0,UPI,Returning,No,5
B11560,27-10-2025,Gadhinglaj,Toothpaste,Personal Care,8,98,61.74,5,UPI,Returning,No,5
B11002,27-03-2025,Ajara,Wheat Flour 5kg,Staples,2,210,178.5,11,UPI,New,No,2
B10812,07-12-2025,Gadhinglaj,Butter 100g,Dairy,4,58,52.2,5,Cash,Returning,No,5
B10186,15-09-2025,Nesari,Butter 100g,Dairy,2,58,52.2,11,UPI,Returning,No,4
B12528,20-08-2025,Nesari,Wheat Flour 5kg,Staples,3,210,178.5,16,UPI,New,No,4
B12267,07-11-2025,Gadhinglaj,Wheat Flour 5kg,Staples,3,210,178.5,15,UPI,Returning,No,5
B10869,21-11-2025,Chandgad,Dishwash Bar,Household,4,28,19.88,0,Cash,New,No,5
B12826,04-01-2025,Ajara,Broom,Household,1,95,66.5,6,Card,Returning,No,3
B12560,22-11-2025,Nesari,Wheat Flour 5kg,Staples,5,210,178.5,16,UPI,New,No,4
B12521,27-04-2025,Nesari,Tur Dal 1kg,Staples,5,155,130.2,16,UPI,New,No,5
B10620,10-11-2025,Chandgad,Biscuit Pack,Snacks,3,30,23.4,0,UPI,Returning,No,5
B12950,14-06-2025,Nesari,Toothpaste,Personal Care,2,98,61.74,1,Card,Returning,No,4
B12323,26-04-2025,Nesari,Curd 400g,Dairy,2,32,28.8,1,UPI,Returning,No,4
B10310,31-05-2025,Chandgad,Bathing Soap,Personal Care,2,42,26.88,5,UPI,Returning,No,4
B10175,26-02-2025,Ajara,Wheat Flour 5kg,Staples,4,210,178.5,6,UPI,Returning,No,3
B11815,07-04-2025,Gadhinglaj,Bathing Soap,Personal Care,10,42,26.88,0,UPI,Returning,No,5
B12783,27-11-2025,Gadhinglaj,Milk Pouch 500ml,Dairy,7,27,24.57,15,UPI,Returning,No,5
B11009,22-01-2025,Nesari,Chocolate Bar,Snacks,6,45,33.3,11,UPI,Returning,No,4
B10728,01-06-2025,Nesari,Cooking Oil 1L,Staples,1,145,133.4,21,Cash,Returning,No,4
B10826,12-04-2025,Chandgad,Curd 400g,Dairy,8,32,28.8,0,Card,Returning,No,4
B11478,18-01-2025,Gadhinglaj,Wafers 100g,Snacks,11,40,30.8,0,Cash,New,Yes,5
B12302,26-02-2025,Gadhinglaj,Soft Drink 750ml,Beverages,6,45,35.55,5,UPI,New,No,4
B11121,10-11-2025,Ajara,Milk Pouch 500ml,Dairy,2,27,24.57,21,Cash,New,No,3
B10284,08-08-2025,Gadhinglaj,Bathing Soap,Personal Care,9,42,26.88,5,UPI,New,No,5
B10027,13-03-2025,Gadhinglaj,Tur Dal 1kg,Staples,2,155,130.2,5,Card,New,No,5
B10563,13-09-2025,Chandgad,Bathing Soap,Personal Care,4,42,26.88,0,Cash,New,No,4
B12709,27-10-2025,Nesari,Cooking Oil 1L,Staples,2,145,133.4,11,Cash,Returning,No,4
B12573,16-08-2025,Chandgad,Chocolate Bar,Snacks,8,45,33.3,5,UPI,Returning,No,4
B12162,05-06-2025,Nesari,Butter 100g,Dairy,7,58,52.2,1,Cash,Returning,No,3
B11546,01-11-2025,Gadhinglaj,Namkeen 200g,Snacks,1,55,41.8,15,Card,New,No,5
B10785,21-08-2025,Nesari,Paneer 200g,Dairy,7,95,84.55,6,Cash,Returning,No,4
B12108,23-07-2025,Chandgad,Butter 100g,Dairy,9,58,52.2,15,UPI,Returning,No,5
B11836,21-10-2025,Nesari,Chocolate Bar,Snacks,3,45,33.3,6,Cash,New,No,3
B11398,27-09-2025,Chandgad,Curd 400g,Dairy,8,32,28.8,5,UPI,Returning,No,3
B11822,09-04-2025,Chandgad,Cooking Oil 1L,Staples,4,145,133.4,15,UPI,Returning,No,3
B11340,21-03-2025,Ajara,Cooking Oil 1L,Staples,1,145,133.4,16,Card,Returning,No,4
B11377,10-10-2025,Chandgad,Cooking Oil 1L,Staples,3,145,133.4,15,UPI,New,No,4
B12912,02-04-2025,Gadhinglaj,Bathing Soap,Personal Care,4,42,26.88,0,Cash,Returning,No,5
B12613,14-06-2025,Chandgad,Face Cream,Personal Care,6,165,102.3,5,UPI,Returning,No,4
B11584,11-02-2025,Gadhinglaj,Paneer 200g,Dairy,7,95,84.55,15,UPI,Returning,No,5
B11829,15-12-2025,Nesari,Curd 400g,Dairy,4,32,28.8,1,UPI,Returning,No,4
B11569,03-10-2025,Gadhinglaj,Soft Drink 750ml,Beverages,8,45,35.55,0,UPI,Returning,No,5
B11102,17-11-2025,Gadhinglaj,Toothpaste,Personal Care,2,98,61.74,0,UPI,Returning,No,4
B11270,14-03-2025,Nesari,Soft Drink 750ml,Beverages,6,45,35.55,16,Card,Returning,No,4
B10316,24-11-2025,Gadhinglaj,Namkeen 200g,Snacks,2,55,41.8,0,UPI,New,No,5
B11446,01-01-2025,Nesari,Curd 400g,Dairy,2,32,28.8,1,UPI,Returning,No,5
B11656,24-10-2025,Chandgad,Milk Pouch 500ml,Dairy,7,27,24.57,0,UPI,Returning,No,4
B12354,22-09-2025,Gadhinglaj,Butter 100g,Dairy,5,58,52.2,10,Card,New,No,5
B11384,20-10-2025,Nesari,Detergent Powder 1kg,Household,4,130,94.9,1,Cash,New,No,5
B10733,11-10-2025,Ajara,Face Cream,Personal Care,4,165,102.3,6,Cash,Returning,No,1
B12358,24-03-2025,Ajara,Soft Drink 750ml,Beverages,1,45,35.55,6,Cash,Returning,No,3
B12846,08-05-2025,Chandgad,Biscuit Pack,Snacks,5,30,23.4,5,Card,Returning,No,3
B10609,20-01-2025,Gadhinglaj,Paneer 200g,Dairy,5,95,84.55,0,UPI,New,No,5
B12388,09-02-2025,Ajara,Broom,Household,4,95,66.5,6,Cash,Returning,No,2
B10817,03-09-2025,Nesari,Biscuit Pack,Snacks,6,30,23.4,6,Card,Returning,No,5
B11228,24-01-2025,Gadhinglaj,Biscuit Pack,Snacks,7,30,23.4,0,Cash,Returning,No,5
B11986,16-08-2025,Nesari,Hair Oil 200ml,Personal Care,2,135,82.35,1,Cash,Returning,No,3
B12596,24-10-2025,Nesari,Shampoo Bottle,Personal Care,2,185,111.0,6,UPI,Returning,No,4
B12643,07-09-2025,Nesari,Biscuit Pack,Snacks,3,30,23.4,11,UPI,New,No,4
B11858,03-05-2025,Nesari,Cooking Oil 1L,Staples,4,145,133.4,16,UPI,Returning,Yes,4
B11922,08-10-2025,Gadhinglaj,Broom,Household,7,95,66.5,5,UPI,Returning,No,5
B10849,13-11-2025,Ajara,Namkeen 200g,Snacks,2,55,41.8,11,Cash,New,No,3
B10368,08-09-2025,Gadhinglaj,Tur Dal 1kg,Staples,4,155,130.2,5,UPI,Returning,No,5
B11706,26-12-2025,Gadhinglaj,Milk Pouch 500ml,Dairy,1,27,24.57,10,Card,New,No,5
B10773,19-10-2025,Chandgad,Toothpaste,Personal Care,10,98,61.74,0,Cash,New,No,4
B11058,16-10-2025,Chandgad,Paneer 200g,Dairy,7,95,84.55,10,Card,Returning,No,5
B12477,09-07-2025,Chandgad,Wafers 100g,Snacks,6,40,30.8,10,UPI,New,No,4
B11425,23-02-2025,Gadhinglaj,Wheat Flour 5kg,Staples,3,210,178.5,15,Card,New,No,5
B11479,20-02-2025,Ajara,Sugar 1kg,Staples,7,46,40.48,11,UPI,Returning,No,3
B11013,30-07-2025,Ajara,Tur Dal 1kg,Staples,2,155,130.2,11,UPI,Returning,No,4
B11515,14-10-2025,Chandgad,Namkeen 200g,Snacks,3,55,41.8,5,UPI,Returning,No,4
B12057,18-08-2025,Gadhinglaj,Soft Drink 750ml,Beverages,2,45,35.55,5,Card,Returning,No,5
B12011,16-09-2025,Nesari,Curd 400g,Dairy,5,32,28.8,1,Card,Returning,No,4
B10177,11-12-2025,Gadhinglaj,Soft Drink 750ml,Beverages,3,45,35.55,0,UPI,Returning,No,4
B12454,09-08-2025,Nesari,Wheat Flour 5kg,Staples,3,210,178.5,6,UPI,New,No,4
B10995,12-06-2025,Ajara,Sugar 1kg,Staples,6,46,40.48,11,UPI,Returning,No,
B10172,27-11-2025,Nesari,Milk Pouch 500ml,Dairy,1,27,24.57,6,Card,New,No,4
B11598,11-09-2025,Gadhinglaj,Paneer 200g,Dairy,2,95,84.55,5,UPI,New,No,4
B11801,25-12-2025,Gadhinglaj,Wheat Flour 5kg,Staples,2,210,178.5,15,UPI,Returning,No,5
B11007,01-09-2025,Gadhinglaj,Namkeen 200g,Snacks,6,55,41.8,15,Cash,Returning,No,5
B11475,29-03-2025,Chandgad,Milk Pouch 500ml,Dairy,5,27,24.57,15,UPI,New,No,4
B12780,17-10-2025,Gadhinglaj,Phenyl 500ml,Household,2,72,51.84,0,UPI,Returning,No,5
B12979,14-06-2025,Gadhinglaj,Dishwash Bar,Household,6,28,19.88,15,UPI,Returning,No,5
B11568,28-12-2025,Gadhinglaj,Chocolate Bar,Snacks,9,45,33.3,0,Card,Returning,No,5
B11450,23-04-2025,Chandgad,Paneer 200g,Dairy,5,95,84.55,0,Cash,Returning,No,3
B11807,31-10-2025,Nesari,Chocolate Bar,Snacks,6,45,33.3,1,Card,Returning,No,4
B12969,14-03-2025,Ajara,Instant Coffee 50g,Beverages,1,195,150.15,11,Cash,New,No,4
B11902,16-02-2025,Gadhinglaj,Tur Dal 1kg,Staples,4,155,130.2,5,Cash,Returning,Yes,5
B10600,29-05-2025,Nesari,Curd 400g,Dairy,8,32,28.8,1,UPI,Returning,No,4
B10999,20-10-2025,Nesari,Instant Coffee 50g,Beverages,1,195,150.15,1,UPI,Returning,No,4
B11300,23-08-2025,Chandgad,Sugar 1kg,Staples,10,46,40.48,15,UPI,New,No,5
B12283,27-12-2025,Nesari,Phenyl 500ml,Household,7,72,51.84,1,Cash,New,No,4
B11263,05-08-2025,Gadhinglaj,Bathing Soap,Personal Care,7,42,26.88,0,Card,Returning,No,5
B10146,03-05-2025,Chandgad,Toothpaste,Personal Care,6,98,61.74,0,Cash,New,No,5
B10692,01-11-2025,Ajara,Cooking Oil 1L,Staples,1,145,133.4,26,UPI,New,No,3
B12777,07-06-2025,Gadhinglaj,Butter 100g,Dairy,11,58,52.2,5,UPI,Returning,No,5
B12351,11-05-2025,Chandgad,Hair Oil 200ml,Personal Care,5,135,82.35,0,Cash,New,No,4
B12857,14-02-2025,Gadhinglaj,Sugar 1kg,Staples,2,46,40.48,10,Cash,New,No,5
B10234,10-11-2025,Nesari,Sugar 1kg,Staples,3,46,40.48,1,Card,Returning,No,4
B11076,17-11-2025,Chandgad,Namkeen 200g,Snacks,4,55,41.8,15,Cash,New,No,4
B10438,23-06-2025,Gadhinglaj,Detergent Powder 1kg,Household,3,130,94.9,0,UPI,New,No,4
B12219,06-11-2025,Nesari,Milk Pouch 500ml,Dairy,1,27,24.57,1,UPI,Returning,Yes,4
B10896,21-12-2025,Gadhinglaj,Cooking Oil 1L,Staples,1,145,133.4,20,UPI,New,No,5
B12701,30-10-2025,Ajara,Cooking Oil 1L,Staples,3,145,133.4,16,UPI,Returning,No,4
B10301,10-11-2025,Gadhinglaj,Paneer 200g,Dairy,9,95,84.55,0,UPI,Returning,No,5
B10014,19-06-2025,Chandgad,Wafers 100g,Snacks,4,40,30.8,15,UPI,New,No,4
B12556,24-03-2025,Gadhinglaj,Toothpaste,Personal Care,3,98,61.74,5,Cash,Returning,No,5
B10404,22-09-2025,Ajara,Shampoo Bottle,Personal Care,2,185,111.0,11,UPI,Returning,No,2
B10512,24-06-2025,Nesari,Hair Oil 200ml,Personal Care,2,135,82.35,1,UPI,New,No,4
B11235,18-07-2025,Gadhinglaj,Chocolate Bar,Snacks,7,45,33.3,10,UPI,Returning,No,5
B10682,23-03-2025,Gadhinglaj,Face Cream,Personal Care,6,165,102.3,0,Cash,New,No,2
B10821,14-11-2025,Chandgad,Chocolate Bar,Snacks,4,45,33.3,15,Card,Returning,No,3
B12223,06-06-2025,Gadhinglaj,Milk Pouch 500ml,Dairy,9,27,24.57,15,UPI,Returning,No,5
B12087,15-05-2025,Gadhinglaj,Bathing Soap,Personal Care,1,42,26.88,0,UPI,New,No,4
B10581,04-01-2025,Ajara,Namkeen 200g,Snacks,7,55,41.8,6,Cash,Returning,No,3
B12773,02-05-2025,Gadhinglaj,Wafers 100g,Snacks,9,40,30.8,15,Card,Returning,No,5
B12489,24-12-2025,Gadhinglaj,Toothpaste,Personal Care,2,98,61.74,0,UPI,Returning,No,5
B10361,15-04-2025,Gadhinglaj,Biscuit Pack,Snacks,9,30,23.4,5,UPI,New,No,5
B11161,29-05-2025,Ajara,Tea Powder 250g,Beverages,4,135,108.0,16,Card,Returning,No,4
B10358,11-12-2025,Chandgad,Cooking Oil 1L,Staples,1,145,133.4,20,Cash,Returning,No,4
B10153,08-07-2025,Gadhinglaj,Cooking Oil 1L,Staples,5,145,133.4,20,UPI,Returning,No,5
B10719,10-02-2025,Gadhinglaj,Cooking Oil 1L,Staples,1,145,133.4,25,UPI,Returning,No,5
B11050,25-01-2025,Gadhinglaj,Dishwash Bar,Household,4,28,19.88,5,UPI,Returning,No,4
B11655,21-04-2025,Chandgad,Curd 400g,Dairy,8,32,28.8,15,Card,New,No,3
B12124,20-05-2025,Ajara,Wafers 100g,Snacks,5,40,30.8,16,Cash,Returning,No,4
B10802,08-12-2025,Chandgad,Chocolate Bar,Snacks,3,45,33.3,5,UPI,New,No,3
B10675,05-05-2025,Chandgad,Phenyl 500ml,Household,1,72,51.84,10,,Returning,No,4
B12010,28-04-2025,Gadhinglaj,Namkeen 200g,Snacks,7,55,41.8,10,UPI,Returning,No,5
B12255,26-04-2025,Ajara,Chocolate Bar,Snacks,2,45,33.3,16,Cash,Returning,No,3
B10476,30-03-2025,Nesari,Sugar 1kg,Staples,2,46,40.48,6,UPI,Returning,No,3
B10967,23-05-2025,Nesari,Wafers 100g,Snacks,4,40,30.8,1,Cash,New,No,5
B12756,05-10-2025,Gadhinglaj,Milk Pouch 500ml,Dairy,7,27,24.57,5,UPI,Returning,No,5
B12129,21-11-2025,Gadhinglaj,Hair Oil 200ml,Personal Care,3,135,82.35,0,UPI,New,No,5
B11666,06-09-2025,Gadhinglaj,Dishwash Bar,Household,10,28,19.88,5,Card,Returning,No,4
B10634,28-10-2025,Chandgad,Detergent Powder 1kg,Household,4,130,94.9,10,Cash,Returning,No,3
B11679,17-07-2025,Nesari,Instant Coffee 50g,Beverages,3,195,150.15,11,UPI,Returning,No,4
B11027,15-09-2025,Nesari,Paneer 200g,Dairy,4,95,84.55,16,Cash,Returning,No,5
B12934,10-04-2025,Gadhinglaj,Cooking Oil 1L,Staples,1,145,133.4,20,Cash,New,No,5
B10577,11-05-2025,Nesari,Curd 400g,Dairy,1,32,28.8,1,UPI,Returning,No,4
B11062,04-04-2025,Gadhinglaj,Chocolate Bar,Snacks,2,45,33.3,15,UPI,Returning,No,5
B10984,25-02-2025,Chandgad,Tur Dal 1kg,Staples,4,155,130.2,5,Cash,New,No,4
B11097,06-12-2025,Chandgad,Phenyl 500ml,Household,8,72,51.84,0,Cash,Returning,No,3
B10192,29-04-2025,Nesari,Wafers 100g,Snacks,4,40,30.8,1,UPI,New,No,3
B12681,07-05-2025,Nesari,Wafers 100g,Snacks,8,40,30.8,1,Cash,New,No,5
B11092,24-09-2025,Gadhinglaj,Cooking Oil 1L,Staples,3,145,133.4,10,UPI,Returning,No,5
B10339,25-01-2025,Chandgad,Tea Powder 250g,Beverages,6,135,108.0,10,Cash,Returning,No,4
B12515,24-08-2025,Chandgad,Hair Oil 200ml,Personal Care,1,135,82.35,5,UPI,Returning,No,4
B11258,07-12-2025,Nesari,Bathing Soap,Personal Care,4,42,26.88,1,Cash,Returning,No,4
B11635,01-11-2025,Nesari,Bathing Soap,Personal Care,3,42,26.88,1,UPI,Returning,No,3
B12259,16-11-2025,Nesari,Curd 400g,Dairy,6,32,28.8,6,Cash,Returning,No,4
B12603,20-10-2025,Chandgad,Cooking Oil 1L,Staples,1,145,133.4,20,UPI,New,No,4
B10496,24-09-2025,Gadhinglaj,Wheat Flour 5kg,Staples,1,210,178.5,10,UPI,New,No,5
B10926,03-05-2025,Gadhinglaj,Tur Dal 1kg,Staples,3,155,130.2,0,UPI,New,No,5
B10571,29-09-2025,Gadhinglaj,Butter 100g,Dairy,9,58,52.2,0,Card,Returning,No,5
B10121,06-06-2025,Chandgad,Dishwash Bar,Household,5,28,19.88,0,Cash,New,No,3
B11900,14-08-2025,Gadhinglaj,Curd 400g,Dairy,9,32,28.8,0,UPI,New,No,5
B11136,06-06-2025,Gadhinglaj,Milk Pouch 500ml,Dairy,8,27,24.57,0,Cash,Returning,No,5
B11932,19-03-2025,Nesari,Wafers 100g,Snacks,1,40,30.8,16,UPI,New,No,3
B10075,21-09-2025,Ajara,Cooking Oil 1L,Staples,3,145,133.4,21,Cash,Returning,No,3
B10435,01-10-2025,Nesari,Broom,Household,4,95,66.5,1,Cash,Returning,No,3
B11349,31-08-2025,Nesari,Curd 400g,Dairy,5,32,28.8,1,Cash,New,Yes,3
B12833,14-11-2025,Ajara,Namkeen 200g,Snacks,1,55,41.8,6,Card,Returning,No,3
B12429,04-04-2025,Gadhinglaj,Wafers 100g,Snacks,6,40,30.8,0,UPI,New,No,5
B11167,02-03-2025,Gadhinglaj,Dishwash Bar,Household,4,28,19.88,15,Cash,New,No,5
B11970,09-05-2025,Gadhinglaj,Detergent Powder 1kg,Household,3,130,94.9,0,UPI,New,No,5
B12192,14-01-2025,Gadhinglaj,Biscuit Pack,Snacks,9,30,23.4,0,Cash,Returning,No,5
B12702,24-12-2025,Gadhinglaj,Tea Powder 250g,Beverages,5,135,108.0,5,UPI,New,No,4
B11800,23-02-2025,Gadhinglaj,Curd 400g,Dairy,6,32,28.8,5,UPI,New,No,5
B11307,27-11-2025,Gadhinglaj,Cooking Oil 1L,Staples,6,145,133.4,20,UPI,Returning,No,5
B12484,16-06-2025,Gadhinglaj,Tea Powder 250g,Beverages,2,135,108.0,5,UPI,Returning,No,5
B10830,26-06-2025,Chandgad,Curd 400g,Dairy,7,32,28.8,5,Cash,Returning,No,5
B12086,24-01-2025,Ajara,Wafers 100g,Snacks,2,40,30.8,6,Cash,New,No,2
B12333,19-10-2025,Nesari,Butter 100g,Dairy,2,58,52.2,1,Cash,New,Yes,5
B10442,27-06-2025,Nesari,Biscuit Pack,Snacks,1,30,23.4,1,Card,Returning,No,4
B12590,19-06-2025,Gadhinglaj,Milk Pouch 500ml,Dairy,3,27,24.57,0,Card,New,No,5
B10645,30-08-2025,Chandgad,Biscuit Pack,Snacks,9,30,23.4,0,Cash,Returning,No,5
B11784,23-05-2025,Gadhinglaj,Wafers 100g,Snacks,4,40,30.8,0,UPI,Returning,No,5
B12471,28-04-2025,Gadhinglaj,Bathing Soap,Personal Care,1,42,26.88,0,Card,Returning,No,5
B11079,27-01-2025,Chandgad,Biscuit Pack,Snacks,2,30,23.4,15,Cash,New,No,5
B12748,26-05-2025,Nesari,Rice 10kg,Staples,4,620,533.2,1,UPI,Returning,No,5
B10021,16-11-2025,Gadhinglaj,Milk Pouch 500ml,Dairy,7,27,24.57,0,UPI,Returning,Yes,4
B10351,26-10-2025,Nesari,Bathing Soap,Personal Care,3,42,26.88,1,UPI,New,No,5
B10874,23-12-2025,Nesari,Wheat Flour 5kg,Staples,4,210,178.5,1,UPI,Returning,No,4
B10398,09-02-2025,Gadhinglaj,Shampoo Bottle,Personal Care,4,185,111.0,0,UPI,Returning,No,5
B11517,30-01-2025,Nesari,Biscuit Pack,Snacks,3,30,23.4,11,Card,Returning,No,4
B10547,25-04-2025,Chandgad,Curd 400g,Dairy,5,32,28.8,0,UPI,New,No,4
B11128,24-09-2025,Gadhinglaj,Bathing Soap,Personal Care,8,42,26.88,0,UPI,New,No,5
B12700,28-10-2025,Gadhinglaj,Cooking Oil 1L,Staples,2,145,133.4,20,Cash,Returning,No,5
B12275,20-09-2025,Gadhinglaj,Milk Pouch 500ml,Dairy,10,27,24.57,15,UPI,Returning,No,5
B12803,17-03-2025,Nesari,Biscuit Pack,Snacks,4,30,23.4,11,Cash,Returning,No,3
B12938,10-11-2025,Ajara,Milk Pouch 500ml,Dairy,1,27,24.57,11,UPI,New,No,4
B11744,03-02-2025,Gadhinglaj,Wheat Flour 5kg,Staples,3,210,178.5,15,Cash,Returning,No,5
B10033,23-02-2025,Chandgad,Biscuit Pack,Snacks,6,30,23.4,0,UPI,New,No,5
B12116,23-09-2025,Gadhinglaj,Milk Pouch 500ml,Dairy,9,27,24.57,0,Card,Returning,No,5
B12961,28-09-2025,Gadhinglaj,Milk Pouch 500ml,Dairy,9,27,24.57,0,UPI,Returning,No,5
B10066,05-12-2025,Gadhinglaj,Wheat Flour 5kg,Staples,5,210,178.5,10,Card,Returning,No,5
B12236,19-07-2025,Nesari,Cooking Oil 1L,Staples,3,145,133.4,21,UPI,New,No,5
B11069,26-08-2025,Nesari,Sugar 1kg,Staples,4,46,40.48,1,UPI,Returning,No,4
B12577,28-06-2025,Ajara,Tur Dal 1kg,Staples,3,155,130.2,6,Cash,Returning,No,4
B12335,03-09-2025,Gadhinglaj,Wheat Flour 5kg,Staples,5,210,178.5,10,Cash,New,No,5
B10090,14-09-2025,Ajara,Namkeen 200g,Snacks,3,55,41.8,21,Card,Returning,No,3
B12181,15-03-2025,Ajara,Namkeen 200g,Snacks,2,55,41.8,11,UPI,Returning,Yes,3
B10323,31-12-2025,Gadhinglaj,Curd 400g,Dairy,9,32,28.8,10,UPI,Returning,No,5
B12669,12-10-2025,Nesari,Dishwash Bar,Household,9,28,19.88,1,UPI,Returning,No,5
B12332,12-03-2025,Nesari,Biscuit Pack,Snacks,5,30,23.4,6,Card,New,No,3
B11669,05-05-2025,Chandgad,Soft Drink 750ml,Beverages,1,45,35.55,0,Cash,Returning,No,5
B12316,15-02-2025,Gadhinglaj,Bathing Soap,Personal Care,1,42,26.88,0,UPI,New,No,5
B11931,23-11-2025,Gadhinglaj,Tur Dal 1kg,Staples,6,155,130.2,15,UPI,New,No,5
B10963,23-09-2025,Gadhinglaj,Hair Oil 200ml,Personal Care,2,135,82.35,0,UPI,Returning,No,5
B11837,24-06-2025,Chandgad,Cooking Oil 1L,Staples,3,145,133.4,15,Cash,New,No,4
B10721,04-11-2025,Chandgad,Tur Dal 1kg,Staples,2,155,130.2,5,UPI,Returning,No,3
B10942,13-06-2025,Gadhinglaj,Namkeen 200g,Snacks,3,55,41.8,5,UPI,Returning,No,4
B12976,25-07-2025,Nesari,Wheat Flour 5kg,Staples,2,210,178.5,6,Cash,New,No,4
B11173,01-05-2025,Gadhinglaj,Cooking Oil 1L,Staples,1,145,133.4,15,Cash,Returning,No,5
B10043,07-07-2025,Gadhinglaj,Sugar 1kg,Staples,7,46,40.48,5,UPI,New,No,5
B10447,13-11-2025,Nesari,Broom,Household,2,95,66.5,1,Cash,New,No,5
B10871,13-02-2025,Chandgad,Cooking Oil 1L,Staples,5,145,133.4,25,Card,Returning,No,5
B11072,30-06-2025,Gadhinglaj,Sugar 1kg,Staples,8,46,40.48,5,UPI,Returning,No,5
B12738,16-10-2025,Gadhinglaj,Rice 10kg,Staples,2,620,533.2,15,UPI,New,No,5
B12023,23-08-2025,Chandgad,Broom,Household,10,95,66.5,0,Card,New,No,3
B12623,08-09-2025,Gadhinglaj,Curd 400g,Dairy,5,32,28.8,5,UPI,New,No,4
B10966,07-03-2025,Gadhinglaj,Curd 400g,Dairy,3,32,28.8,15,UPI,Returning,No,4
B10107,03-05-2025,Gadhinglaj,Biscuit Pack,Snacks,9,30,23.4,0,Card,Returning,No,5
B10541,26-06-2025,Ajara,Detergent Powder 1kg,Household,4,130,94.9,21,Cash,Returning,No,4
B12581,27-06-2025,Chandgad,Curd 400g,Dairy,4,32,28.8,5,UPI,New,No,4
B10964,18-09-2025,Gadhinglaj,Milk Pouch 500ml,Dairy,1,27,24.57,5,UPI,Returning,No,5
B11632,17-03-2025,Gadhinglaj,Milk Pouch 500ml,Dairy,8,27,24.57,10,UPI,Returning,No,5
B10139,03-10-2025,Gadhinglaj,Milk Pouch 500ml,Dairy,7,27,24.57,0,UPI,Returning,No,4
B12056,13-10-2025,Gadhinglaj,Rice 10kg,Staples,3,620,533.2,0,UPI,New,No,5
B10206,01-08-2025,Chandgad,Wafers 100g,Snacks,8,40,30.8,5,UPI,Returning,No,3
B12607,28-11-2025,Gadhinglaj,Butter 100g,Dairy,8,58,52.2,15,UPI,Returning,No,4
B10888,10-09-2025,Chandgad,Detergent Powder 1kg,Household,3,130,94.9,0,Card,Returning,No,3
B12824,22-06-2025,Nesari,Cooking Oil 1L,Staples,3,145,133.4,21,UPI,Returning,Yes,4
B10319,04-03-2025,Ajara,Soft Drink 750ml,Beverages,6,45,35.55,11,Cash,Returning,No,4
B10804,25-01-2025,Chandgad,Biscuit Pack,Snacks,6,30,23.4,10,Card,Returning,No,4
B10800,18-10-2025,Gadhinglaj,Toothpaste,Personal Care,1,98,61.74,5,UPI,New,No,5
B12814,28-09-2025,Gadhinglaj,Rice 10kg,Staples,4,620,533.2,5,Card,New,No,5
B11926,01-09-2025,Ajara,Sugar 1kg,Staples,1,46,40.48,6,UPI,Returning,No,4
B12728,16-09-2025,Ajara,Hair Oil 200ml,Personal Care,1,135,82.35,6,UPI,New,No,2
B11790,30-04-2025,Gadhinglaj,Namkeen 200g,Snacks,2,55,41.8,0,UPI,Returning,No,5
B11127,04-05-2025,Ajara,Biscuit Pack,Snacks,1,30,23.4,6,Cash,Returning,No,3
B10674,02-01-2025,Gadhinglaj,Cooking Oil 1L,Staples,3,145,133.4,10,UPI,Returning,No,5
B11353,03-05-2025,Chandgad,Detergent Powder 1kg,Household,1,130,94.9,15,UPI,Returning,No,3
B10726,01-11-2025,Ajara,Dishwash Bar,Household,4,28,19.88,11,UPI,Returning,No,4
B10081,23-05-2025,Gadhinglaj,Biscuit Pack,Snacks,4,30,23.4,0,UPI,Returning,No,5
B10264,08-03-2025,Chandgad,Namkeen 200g,Snacks,6,55,41.8,5,UPI,New,No,5
B11917,24-07-2025,Chandgad,Face Cream,Personal Care,4,165,102.3,5,UPI,Returning,No,1
B10134,04-11-2025,Gadhinglaj,Biscuit Pack,Snacks,9,30,23.4,0,Cash,Returning,No,4
B12683,17-09-2025,Chandgad,Detergent Powder 1kg,Household,1,130,94.9,15,UPI,New,No,5
B12307,23-04-2025,Gadhinglaj,Sugar 1kg,Staples,7,46,40.48,10,Cash,Returning,No,5
B10731,23-09-2025,Chandgad,Dishwash Bar,Household,2,28,19.88,15,UPI,New,No,4
B12745,19-04-2025,Chandgad,Shampoo Bottle,Personal Care,2,185,111.0,0,Cash,Returning,No,3
B11611,20-09-2025,Gadhinglaj,Tur Dal 1kg,Staples,2,155,130.2,10,Cash,Returning,No,5
B12567,12-10-2025,Chandgad,Soft Drink 750ml,Beverages,10,45,35.55,10,UPI,Returning,No,3
B10837,11-03-2025,Gadhinglaj,Detergent Powder 1kg,Household,5,130,94.9,10,UPI,Returning,No,4
B11378,27-11-2025,Gadhinglaj,Biscuit Pack,Snacks,10,30,23.4,15,Cash,Returning,No,5
B11331,19-10-2025,Nesari,Instant Coffee 50g,Beverages,2,195,150.15,1,Cash,Returning,No,4
B10037,13-06-2025,Ajara,Shampoo Bottle,Personal Care,1,185,111.0,11,Cash,New,No,3
B11018,14-11-2025,Ajara,Biscuit Pack,Snacks,2,30,23.4,16,Cash,New,No,3
B10959,20-11-2025,Ajara,Chocolate Bar,Snacks,1,45,33.3,21,Card,Returning,No,3
B12342,23-09-2025,Gadhinglaj,Milk Pouch 500ml,Dairy,3,27,24.57,5,Card,Returning,No,5
B11789,10-07-2025,Nesari,Cooking Oil 1L,Staples,2,145,133.4,11,UPI,Returning,No,3
B10417,01-11-2025,Gadhinglaj,Namkeen 200g,Snacks,4,55,41.8,5,Cash,Returning,No,5
B10360,24-03-2025,Gadhinglaj,Rice 10kg,Staples,4,620,533.2,0,UPI,Returning,No,5
B10944,30-09-2025,Nesari,Phenyl 500ml,Household,8,72,51.84,6,Cash,Returning,No,5
B10686,25-09-2025,Nesari,Rice 10kg,Staples,4,620,533.2,1,Cash,New,No,3
B11144,04-04-2025,Chandgad,Wafers 100g,Snacks,2,40,30.8,0,UPI,Returning,No,3
B11239,04-03-2025,Nesari,Wafers 100g,Snacks,8,40,30.8,1,Cash,New,No,4
B11779,14-12-2025,Nesari,Cooking Oil 1L,Staples,1,145,133.4,21,Card,New,No,5
B12504,01-09-2025,Gadhinglaj,Butter 100g,Dairy,8,58,52.2,5,Card,Returning,No,5
B12140,10-10-2025,Gadhinglaj,Dishwash Bar,Household,9,28,19.88,0,Card,New,No,5
B11906,16-08-2025,Gadhinglaj,Dishwash Bar,Household,11,28,19.88,5,UPI,Returning,No,5
B10583,02-12-2025,Ajara,Milk Pouch 500ml,Dairy,5,27,24.57,21,Cash,Returning,No,3
B11907,16-09-2025,Gadhinglaj,Sugar 1kg,Staples,1,46,40.48,15,Card,New,No,5
B10519,30-05-2025,Chandgad,Hair Oil 200ml,Personal Care,5,135,82.35,0,UPI,Returning,No,3
B11366,04-12-2025,Gadhinglaj,Milk Pouch 500ml,Dairy,10,27,24.57,5,UPI,Returning,No,5
B10193,05-01-2025,Gadhinglaj,Curd 400g,Dairy,7,32,28.8,15,Cash,Returning,No,5
B11852,20-01-2025,Chandgad,Wafers 100g,Snacks,7,40,30.8,5,UPI,New,No,5
B12711,10-01-2025,Nesari,Milk Pouch 500ml,Dairy,6,27,24.57,11,Card,New,No,5
B12921,21-05-2025,Gadhinglaj,Shampoo Bottle,Personal Care,2,185,111.0,0,UPI,New,No,5
B12475,20-03-2025,Chandgad,Cooking Oil 1L,Staples,2,145,133.4,10,UPI,Returning,No,5
B12564,07-09-2025,Gadhinglaj,Butter 100g,Dairy,4,58,52.2,0,UPI,Returning,No,4
B10459,29-04-2025,Ajara,Dishwash Bar,Household,7,28,19.88,11,UPI,Returning,No,4
B12688,29-05-2025,Chandgad,Soft Drink 750ml,Beverages,3,45,35.55,0,Cash,Returning,No,4
B12076,07-02-2025,Nesari,Dishwash Bar,Household,5,28,19.88,1,UPI,Returning,No,4
B11667,15-09-2025,Gadhinglaj,Face Cream,Personal Care,5,165,102.3,0,UPI,Returning,No,2
B11576,01-06-2025,Gadhinglaj,Tea Powder 250g,Beverages,3,135,108.0,0,UPI,New,No,5
B12565,25-04-2025,Nesari,Sugar 1kg,Staples,9,46,40.48,11,Cash,Returning,No,5
B10901,06-09-2025,Gadhinglaj,Toothpaste,Personal Care,10,98,61.74,0,Cash,Returning,No,4
B10877,17-09-2025,Chandgad,Tea Powder 250g,Beverages,1,135,108.0,0,UPI,Returning,No,5
B10909,10-12-2025,Nesari,Milk Pouch 500ml,Dairy,8,27,24.57,6,UPI,New,No,3
B11003,05-12-2025,Ajara,Curd 400g,Dairy,2,32,28.8,6,Cash,New,No,4
B11395,26-08-2025,Gadhinglaj,Biscuit Pack,Snacks,9,30,23.4,0,Cash,Returning,Yes,5
B12240,26-11-2025,Gadhinglaj,Curd 400g,Dairy,3,32,28.8,5,UPI,Returning,Yes,5
B10994,16-08-2025,Gadhinglaj,Milk Pouch 500ml,Dairy,11,27,24.57,0,Cash,Returning,No,5
B12015,01-09-2025,Gadhinglaj,Tur Dal 1kg,Staples,3,155,130.2,5,Cash,New,No,5
B11035,13-05-2025,Nesari,Curd 400g,Dairy,3,32,28.8,1,Cash,Returning,No,5
B11638,23-10-2025,Gadhinglaj,Wheat Flour 5kg,Staples,3,210,178.5,0,UPI,New,No,5
B11536,07-04-2025,Gadhinglaj,Broom,Household,9,95,66.5,0,UPI,New,Yes,5
B11649,21-02-2025,Ajara,Tea Powder 250g,Beverages,2,135,108.0,16,UPI,Returning,No,2
B11278,01-11-2025,Gadhinglaj,Curd 400g,Dairy,2,32,28.8,5,UPI,Returning,No,5
B12266,19-09-2025,Nesari,Milk Pouch 500ml,Dairy,8,27,24.57,11,UPI,New,Yes,4
B11787,21-11-2025,Nesari,Dishwash Bar,Household,8,28,19.88,16,UPI,Returning,No,4
B11396,01-03-2025,Nesari,Tur Dal 1kg,Staples,2,155,130.2,6,Cash,Returning,No,5
B11710,24-03-2025,Gadhinglaj,Chocolate Bar,Snacks,9,45,33.3,10,UPI,New,No,4
B10902,15-06-2025,Ajara,Paneer 200g,Dairy,4,95,84.55,6,UPI,Returning,No,4
B12661,27-04-2025,Gadhinglaj,Biscuit Pack,Snacks,2,30,23.4,0,UPI,Returning,No,5
B12718,04-11-2025,Gadhinglaj,Milk Pouch 500ml,Dairy,8,27,24.57,0,Cash,New,No,5
B12300,19-06-2025,Gadhinglaj,Bathing Soap,Personal Care,7,42,26.88,0,Card,Returning,No,5
B12470,25-12-2025,Nesari,Cooking Oil 1L,Staples,2,145,133.4,11,,Returning,No,5
B12343,07-03-2025,Gadhinglaj,Instant Coffee 50g,Beverages,3,195,150.15,5,UPI,Returning,No,5
B11588,21-04-2025,Chandgad,Wafers 100g,Snacks,6,40,30.8,5,Card,Returning,No,5
B10071,02-12-2025,Chandgad,Butter 100g,Dairy,5,58,52.2,0,Card,New,No,4
B11289,08-06-2025,Gadhinglaj,Curd 400g,Dairy,7,32,28.8,0,UPI,Returning,No,5
B10716,10-07-2025,Gadhinglaj,Biscuit Pack,Snacks,2,30,23.4,0,UPI,Returning,No,5
B11122,09-09-2025,Gadhinglaj,Wheat Flour 5kg,Staples,3,210,178.5,0,UPI,Returning,No,5
B11511,03-07-2025,Nesari,Wheat Flour 5kg,Staples,2,210,178.5,1,Cash,New,No,4
B11193,02-02-2025,Gadhinglaj,Wafers 100g,Snacks,7,40,30.8,15,Cash,New,No,5
B11369,07-11-2025,Gadhinglaj,Cooking Oil 1L,Staples,5,145,133.4,25,UPI,New,No,5
B12256,06-04-2025,Nesari,Tea Powder 250g,Beverages,2,135,108.0,16,Card,Returning,No,4
B12883,18-10-2025,Ajara,Milk Pouch 500ml,Dairy,8,27,24.57,6,Cash,Returning,No,4
B12535,31-10-2025,Gadhinglaj,Cooking Oil 1L,Staples,2,145,133.4,20,Cash,Returning,No,5
B10405,28-11-2025,Nesari,Instant Coffee 50g,Beverages,5,195,150.15,6,UPI,Returning,No,5
B10223,07-06-2025,Gadhinglaj,Wafers 100g,Snacks,8,40,30.8,10,Card,New,No,5
B12170,07-03-2025,Chandgad,Toothpaste,Personal Care,7,98,61.74,0,UPI,New,No,4
B10858,14-10-2025,Gadhinglaj,Tur Dal 1kg,Staples,5,155,130.2,0,UPI,New,No,5
B11701,21-04-2025,Chandgad,Broom,Household,6,95,66.5,5,UPI,Returning,No,4
B12818,06-02-2025,Chandgad,Hair Oil 200ml,Personal Care,2,135,82.35,0,UPI,New,No,4
B10605,27-09-2025,Ajara,Detergent Powder 1kg,Household,2,130,94.9,6,Cash,Returning,No,4
B10643,08-12-2025,Gadhinglaj,Toothpaste,Personal Care,5,98,61.74,5,UPI,New,No,5
B10781,12-01-2025,Chandgad,Wheat Flour 5kg,Staples,1,210,178.5,5,UPI,Returning,No,5
B11252,19-11-2025,Chandgad,Tea Powder 250g,Beverages,3,135,108.0,10,Cash,Returning,No,5
B12340,20-10-2025,Chandgad,Bathing Soap,Personal Care,5,42,26.88,0,Cash,New,No,5
B11037,02-09-2025,Chandgad,Dishwash Bar,Household,3,28,19.88,0,UPI,Returning,No,5
B11660,14-07-2025,Nesari,Curd 400g,Dairy,6,32,28.8,6,Cash,New,No,5
B12092,12-09-2025,Nesari,Detergent Powder 1kg,Household,1,130,94.9,16,UPI,New,No,5
B12105,08-11-2025,Ajara,Rice 10kg,Staples,3,620,533.2,16,Card,Returning,No,4
B10355,23-04-2025,Gadhinglaj,Bathing Soap,Personal Care,2,42,26.88,5,Cash,Returning,No,5
B11093,21-04-2025,Gadhinglaj,Rice 10kg,Staples,2,620,533.2,15,UPI,New,No,5
B11726,29-11-2025,Gadhinglaj,Tea Powder 250g,Beverages,4,135,108.0,5,Card,New,No,5
B11596,29-07-2025,Ajara,Curd 400g,Dairy,1,32,28.8,6,Cash,New,No,2
B11376,03-08-2025,Gadhinglaj,Toothpaste,Personal Care,1,98,61.74,0,UPI,New,No,5
B12956,26-08-2025,Gadhinglaj,Dishwash Bar,Household,6,28,19.88,5,UPI,Returning,No,5
B10194,07-12-2025,Ajara,Wafers 100g,Snacks,3,40,30.8,6,UPI,Returning,No,3
B10550,10-03-2025,Nesari,Tur Dal 1kg,Staples,3,155,130.2,1,Card,Returning,No,3
B10300,01-04-2025,Gadhinglaj,Bathing Soap,Personal Care,7,42,26.88,5,Card,Returning,No,
B11223,15-07-2025,Chandgad,Curd 400g,Dairy,3,32,28.8,0,UPI,Returning,Yes,3
B11707,08-11-2025,Gadhinglaj,Wheat Flour 5kg,Staples,5,210,178.5,0,Cash,Returning,No,5
B12840,11-12-2025,Gadhinglaj,Curd 400g,Dairy,9,32,28.8,15,UPI,New,No,5
B11574,30-07-2025,Chandgad,Paneer 200g,Dairy,6,95,84.55,0,UPI,Returning,No,3
B12686,27-05-2025,Gadhinglaj,Phenyl 500ml,Household,2,72,51.84,10,UPI,Returning,No,5
B10744,04-06-2025,Chandgad,Milk Pouch 500ml,Dairy,1,27,24.57,15,UPI,Returning,No,4
B11542,14-03-2025,Nesari,Tur Dal 1kg,Staples,1,155,130.2,6,UPI,Returning,No,3
B11506,24-08-2025,Gadhinglaj,Tea Powder 250g,Beverages,5,135,108.0,15,UPI,Returning,No,5
B11552,02-11-2025,Chandgad,Biscuit Pack,Snacks,5,30,23.4,5,Cash,Returning,No,4
B11053,21-07-2025,Nesari,Hair Oil 200ml,Personal Care,1,135,82.35,1,UPI,Returning,No,4
B11608,24-09-2025,Nesari,Toothpaste,Personal Care,8,98,61.74,6,UPI,New,No,5
B12631,05-10-2025,Gadhinglaj,Biscuit Pack,Snacks,9,30,23.4,5,UPI,Returning,No,5
B10523,01-04-2025,Nesari,Biscuit Pack,Snacks,4,30,23.4,1,Cash,Returning,No,4
B12381,28-11-2025,Gadhinglaj,Instant Coffee 50g,Beverages,2,195,150.15,0,Card,New,No,5
B10328,17-11-2025,Gadhinglaj,Phenyl 500ml,Household,7,72,51.84,0,Card,Returning,No,5
B10861,23-06-2025,Gadhinglaj,Tur Dal 1kg,Staples,4,155,130.2,5,UPI,Returning,No,5
B12828,16-05-2025,Chandgad,Milk Pouch 500ml,Dairy,7,27,24.57,5,Card,Returning,No,4
B11410,19-01-2025,Gadhinglaj,Tea Powder 250g,Beverages,3,135,108.0,15,UPI,Returning,No,5
B12957,08-06-2025,Ajara,Wafers 100g,Snacks,1,40,30.8,16,Card,Returning,No,4
B11898,06-02-2025,Chandgad,Namkeen 200g,Snacks,7,55,41.8,10,UPI,Returning,No,4
B12257,12-10-2025,Gadhinglaj,Bathing Soap,Personal Care,3,42,26.88,0,Card,New,No,5
B11317,15-02-2025,Ajara,Soft Drink 750ml,Beverages,7,45,35.55,16,Cash,New,No,4
B11241,21-09-2025,Gadhinglaj,Namkeen 200g,Snacks,10,55,41.8,5,Cash,Returning,No,4
B11166,13-10-2025,Chandgad,Shampoo Bottle,Personal Care,2,185,111.0,0,UPI,Returning,No,5
B10145,30-10-2025,Gadhinglaj,Rice 10kg,Staples,3,620,533.2,0,UPI,Returning,No,4
B11063,03-08-2025,Gadhinglaj,Face Cream,Personal Care,1,165,102.3,0,UPI,Returning,No,4
B12298,07-11-2025,Chandgad,Milk Pouch 500ml,Dairy,5,27,24.57,0,Card,New,No,3
B11793,11-08-2025,Gadhinglaj,Rice 10kg,Staples,3,620,533.2,5,UPI,New,No,5
B11783,24-01-2025,Gadhinglaj,Chocolate Bar,Snacks,3,45,33.3,0,UPI,Returning,No,5
B12580,22-10-2025,Gadhinglaj,Cooking Oil 1L,Staples,4,145,133.4,15,Card,Returning,No,5
B10876,27-04-2025,Chandgad,Tea Powder 250g,Beverages,4,135,108.0,10,Card,New,No,5
B10554,09-12-2025,Nesari,Bathing Soap,Personal Care,5,42,26.88,1,UPI,New,No,5
B10083,22-08-2025,Nesari,Cooking Oil 1L,Staples,1,145,133.4,21,UPI,New,No,4
B12696,22-04-2025,Chandgad,Biscuit Pack,Snacks,1,30,23.4,10,Cash,New,No,5
B12183,26-01-2025,Chandgad,Cooking Oil 1L,Staples,1,145,133.4,20,UPI,New,No,4
B10531,23-01-2025,Gadhinglaj,Detergent Powder 1kg,Household,6,130,94.9,5,UPI,Returning,No,5
B11194,29-12-2025,Gadhinglaj,Curd 400g,Dairy,5,32,28.8,0,UPI,Returning,No,5
B11648,30-07-2025,Nesari,Milk Pouch 500ml,Dairy,8,27,24.57,16,Cash,Returning,No,5
B11737,18-09-2025,Chandgad,Bathing Soap,Personal Care,6,42,26.88,0,UPI,Returning,No,5
B10611,23-03-2025,Gadhinglaj,Phenyl 500ml,Household,3,72,51.84,5,UPI,Returning,No,5
B10483,30-09-2025,Gadhinglaj,Tur Dal 1kg,Staples,3,155,130.2,10,UPI,Returning,No,4
B11501,16-09-2025,Chandgad,Butter 100g,Dairy,6,58,52.2,10,UPI,Returning,No,5
B10770,10-09-2025,Gadhinglaj,Detergent Powder 1kg,Household,2,130,94.9,5,UPI,New,No,5
B12919,18-01-2025,Chandgad,Cooking Oil 1L,Staples,4,145,133.4,15,Card,Returning,No,5
B12196,20-11-2025,Nesari,Paneer 200g,Dairy,5,95,84.55,1,Cash,Returning,Yes,4
B11887,21-06-2025,Chandgad,Milk Pouch 500ml,Dairy,6,27,24.57,5,UPI,Returning,No,4
B10640,01-08-2025,Chandgad,Tur Dal 1kg,Staples,4,155,130.2,10,UPI,New,No,5
B12932,18-09-2025,Nesari,Milk Pouch 500ml,Dairy,8,27,24.57,1,Card,Returning,No,5
B12322,20-09-2025,Gadhinglaj,Dishwash Bar,Household,11,28,19.88,0,Card,Returning,No,5
B12253,04-11-2025,Nesari,Tea Powder 250g,Beverages,4,135,108.0,1,Cash,New,No,4
B11875,15-05-2025,Gadhinglaj,Chocolate Bar,Snacks,9,45,33.3,15,Cash,New,No,5
B11409,14-04-2025,Ajara,Paneer 200g,Dairy,5,95,84.55,11,UPI,New,No,3
B12104,14-03-2025,Ajara,Bathing Soap,Personal Care,2,42,26.88,6,UPI,Returning,No,3
B12876,09-08-2025,Gadhinglaj,Tea Powder 250g,Beverages,4,135,108.0,15,UPI,Returning,No,5
B11423,28-11-2025,Gadhinglaj,Wheat Flour 5kg,Staples,5,210,178.5,5,UPI,New,No,5
B10380,24-01-2025,Nesari,Tea Powder 250g,Beverages,3,135,108.0,6,Card,Returning,No,5
B11336,12-05-2025,Nesari,Paneer 200g,Dairy,4,95,84.55,16,Card,Returning,No,5
B10765,31-08-2025,Ajara,Bathing Soap,Personal Care,2,42,26.88,6,Cash,Returning,No,3
B11853,12-03-2025,Gadhinglaj,Curd 400g,Dairy,5,32,28.8,0,UPI,Returning,No,5
B12930,25-01-2025,Ajara,Chocolate Bar,Snacks,6,45,33.3,6,UPI,Returning,No,3
B11521,13-02-2025,Gadhinglaj,Curd 400g,Dairy,3,32,28.8,10,UPI,New,No,4
B12998,05-08-2025,Gadhinglaj,Cooking Oil 1L,Staples,3,145,133.4,25,Cash,Returning,No,5
B12197,15-09-2025,Chandgad,Hair Oil 200ml,Personal Care,4,135,82.35,5,UPI,New,No,5
B12994,04-05-2025,Gadhinglaj,Wheat Flour 5kg,Staples,4,210,178.5,0,UPI,Returning,No,5
B11098,26-07-2025,Nesari,Sugar 1kg,Staples,2,46,40.48,11,Card,Returning,No,5
B12945,25-04-2025,Chandgad,Shampoo Bottle,Personal Care,2,185,111.0,0,UPI,Returning,No,5
B12055,29-12-2025,Gadhinglaj,Toothpaste,Personal Care,3,98,61.74,0,UPI,Returning,No,5
B12655,22-02-2025,Chandgad,Namkeen 200g,Snacks,9,55,41.8,15,Cash,Returning,No,4
B12215,02-12-2025,Chandgad,Chocolate Bar,Snacks,2,45,33.3,0,Cash,Returning,No,4
B11113,28-07-2025,Chandgad,Tea Powder 250g,Beverages,3,135,108.0,0,Cash,New,No,4
B12099,10-11-2025,Chandgad,Cooking Oil 1L,Staples,1,145,133.4,25,UPI,Returning,No,4
B11439,13-02-2025,Gadhinglaj,Phenyl 500ml,Household,6,72,51.84,10,UPI,New,No,5
B11682,09-11-2025,Nesari,Milk Pouch 500ml,Dairy,5,27,24.57,11,UPI,New,No,4
B11772,08-06-2025,Nesari,Butter 100g,Dairy,8,58,52.2,11,UPI,Returning,No,5
B12884,29-03-2025,Chandgad,Biscuit Pack,Snacks,2,30,23.4,0,UPI,Returning,No,4
B12948,07-10-2025,Chandgad,Tea Powder 250g,Beverages,1,135,108.0,0,Cash,Returning,No,5
B10330,17-08-2025,Chandgad,Curd 400g,Dairy,10,32,28.8,10,Cash,New,No,5
B11732,28-10-2025,Nesari,Chocolate Bar,Snacks,6,45,33.3,6,Card,Returning,No,5
B11770,25-10-2025,Gadhinglaj,Hair Oil 200ml,Personal Care,4,135,82.35,0,Cash,New,No,5
B11971,16-03-2025,Gadhinglaj,Wheat Flour 5kg,Staples,3,210,178.5,10,Card,New,No,5
B10461,10-09-2025,Chandgad,Sugar 1kg,Staples,2,46,40.48,5,Card,Returning,No,5
B11594,11-11-2025,Ajara,Butter 100g,Dairy,6,58,52.2,11,UPI,Returning,No,4
B11242,18-08-2025,Chandgad,Milk Pouch 500ml,Dairy,7,27,24.57,0,UPI,Returning,No,4
B10930,18-05-2025,Gadhinglaj,Tur Dal 1kg,Staples,1,155,130.2,0,UPI,New,No,5
B12461,11-10-2025,Gadhinglaj,Hair Oil 200ml,Personal Care,3,135,82.35,5,UPI,Returning,No,5
B11823,20-10-2025,Nesari,Bathing Soap,Personal Care,5,42,26.88,1,Cash,Returning,No,5
B11691,11-06-2025,Chandgad,Milk Pouch 500ml,Dairy,4,27,24.57,0,Cash,Returning,No,3
B10734,10-07-2025,Gadhinglaj,Biscuit Pack,Snacks,7,30,23.4,10,UPI,Returning,No,5
B11255,07-02-2025,Gadhinglaj,Tea Powder 250g,Beverages,3,135,108.0,5,UPI,New,No,5
B12025,24-11-2025,Nesari,Milk Pouch 500ml,Dairy,2,27,24.57,6,UPI,Returning,No,5
B11944,10-10-2025,Gadhinglaj,Tea Powder 250g,Beverages,5,135,108.0,0,UPI,New,No,5
B11472,08-02-2025,Gadhinglaj,Biscuit Pack,Snacks,3,30,23.4,15,UPI,Returning,No,5
B12996,13-10-2025,Gadhinglaj,Hair Oil 200ml,Personal Care,4,135,82.35,0,Card,Returning,No,5
B10452,22-11-2025,Chandgad,Biscuit Pack,Snacks,9,30,23.4,0,Cash,Returning,No,3
B10982,10-02-2025,Chandgad,Biscuit Pack,Snacks,4,30,23.4,0,Cash,New,No,4
B11554,28-02-2025,Gadhinglaj,Curd 400g,Dairy,3,32,28.8,0,UPI,Returning,No,5
B10508,02-03-2025,Chandgad,Sugar 1kg,Staples,4,46,40.48,10,UPI,Returning,No,5
B11961,20-02-2025,Chandgad,Soft Drink 750ml,Beverages,1,45,35.55,15,Cash,New,No,5
B11021,19-11-2025,Gadhinglaj,Wafers 100g,Snacks,8,40,30.8,0,UPI,Returning,No,4
B12486,11-11-2025,Chandgad,Bathing Soap,Personal Care,4,42,26.88,0,UPI,Returning,No,4
B12810,07-08-2025,Nesari,Biscuit Pack,Snacks,9,30,23.4,6,Card,Returning,No,5
B12119,14-01-2025,Nesari,Biscuit Pack,Snacks,1,30,23.4,6,Cash,New,No,4
B11131,05-04-2025,Chandgad,Curd 400g,Dairy,6,32,28.8,10,Card,Returning,No,4
B11856,26-12-2025,Nesari,Toothpaste,Personal Care,7,98,61.74,1,Card,Returning,No,5
B11637,03-10-2025,Chandgad,Soft Drink 750ml,Beverages,8,45,35.55,0,UPI,New,No,4
B10913,01-10-2025,Gadhinglaj,Detergent Powder 1kg,Household,2,130,94.9,5,Card,Returning,No,5
B12904,19-01-2025,Gadhinglaj,Bathing Soap,Personal Care,9,42,26.88,5,Cash,Returning,No,5
B11400,25-10-2025,Gadhinglaj,Wheat Flour 5kg,Staples,6,210,178.5,10,UPI,Returning,No,4
B12781,25-11-2025,Ajara,Sugar 1kg,Staples,6,46,40.48,21,UPI,Returning,No,3
B10914,10-02-2025,Ajara,Curd 400g,Dairy,1,32,28.8,6,UPI,New,No,3
B10986,02-06-2025,Chandgad,Detergent Powder 1kg,Household,2,130,94.9,5,Cash,Returning,No,5
B12726,29-05-2025,Gadhinglaj,Cooking Oil 1L,Staples,4,145,133.4,20,Card,Returning,No,5
B10960,03-08-2025,Gadhinglaj,Biscuit Pack,Snacks,8,30,23.4,5,Card,Returning,No,5
B11720,28-10-2025,Chandgad,Detergent Powder 1kg,Household,4,130,94.9,0,Card,Returning,No,5
B11762,08-09-2025,Ajara,Butter 100g,Dairy,4,58,52.2,6,Cash,Returning,No,2
B11338,29-09-2025,Nesari,Wheat Flour 5kg,Staples,4,210,178.5,16,UPI,New,No,5
B11693,17-01-2025,Ajara,Face Cream,Personal Care,2,165,102.3,6,Cash,Returning,No,1
B12742,05-06-2025,Gadhinglaj,Butter 100g,Dairy,1,58,52.2,10,Cash,Returning,No,5
B12772,12-09-2025,Gadhinglaj,Phenyl 500ml,Household,2,72,51.84,0,UPI,New,No,5
B12404,27-06-2025,Nesari,Broom,Household,6,95,66.5,1,Cash,Returning,No,5
B12121,30-04-2025,Gadhinglaj,Hair Oil 200ml,Personal Care,2,135,82.35,0,UPI,New,No,5
B12020,13-09-2025,Gadhinglaj,Detergent Powder 1kg,Household,4,130,94.9,5,Cash,New,No,5
B11918,16-12-2025,Nesari,Milk Pouch 500ml,Dairy,2,27,24.57,1,UPI,New,No,5
B11082,15-02-2025,Nesari,Sugar 1kg,Staples,7,46,40.48,6,Cash,New,No,4
B12955,05-12-2025,Chandgad,Wheat Flour 5kg,Staples,4,210,178.5,0,UPI,Returning,No,3
B11739,04-09-2025,Chandgad,Bathing Soap,Personal Care,7,42,26.88,0,Cash,Returning,No,5
B10660,19-07-2025,Gadhinglaj,Curd 400g,Dairy,10,32,28.8,15,UPI,Returning,No,4
B10237,05-05-2025,Chandgad,Dishwash Bar,Household,5,28,19.88,0,UPI,Returning,No,5
B11519,30-12-2025,Nesari,Tur Dal 1kg,Staples,3,155,130.2,1,Cash,New,No,5
B10171,18-04-2025,Chandgad,Toothpaste,Personal Care,9,98,61.74,0,Card,Returning,No,4
B11084,21-12-2025,Gadhinglaj,Tea Powder 250g,Beverages,4,135,108.0,0,UPI,Returning,No,5
B12013,21-11-2025,Gadhinglaj,Milk Pouch 500ml,Dairy,9,27,24.57,5,UPI,Returning,No,5
B10788,20-10-2025,Nesari,Soft Drink 750ml,Beverages,5,45,35.55,1,UPI,New,No,5
B12740,07-07-2025,Ajara,Detergent Powder 1kg,Household,2,130,94.9,6,UPI,Returning,No,4
B11094,01-07-2025,Gadhinglaj,Bathing Soap,Personal Care,4,42,26.88,0,UPI,Returning,No,4
B11146,27-01-2025,Nesari,Bathing Soap,Personal Care,5,42,26.88,1,Cash,Returning,No,3
B12458,11-10-2025,Chandgad,Tur Dal 1kg,Staples,2,155,130.2,15,Cash,Returning,No,3
B12929,26-02-2025,Gadhinglaj,Curd 400g,Dairy,4,32,28.8,5,UPI,Returning,No,5
B10377,12-04-2025,Gadhinglaj,Rice 10kg,Staples,4,620,533.2,5,UPI,New,No,5
B11496,23-03-2025,Gadhinglaj,Instant Coffee 50g,Beverages,4,195,150.15,0,UPI,New,No,5
B12689,29-08-2025,Nesari,Namkeen 200g,Snacks,6,55,41.8,6,Cash,Returning,Yes,5
B10477,20-04-2025,Ajara,Curd 400g,Dairy,6,32,28.8,21,Cash,Returning,No,4
B12209,01-09-2025,Ajara,Soft Drink 750ml,Beverages,1,45,35.55,6,UPI,Returning,No,2
B12617,18-09-2025,Gadhinglaj,Tea Powder 250g,Beverages,2,135,108.0,0,UPI,New,No,5
B11495,20-12-2025,Ajara,Butter 100g,Dairy,7,58,52.2,6,UPI,Returning,No,4
B11981,06-07-2025,Chandgad,Cooking Oil 1L,Staples,5,145,133.4,10,UPI,New,No,4
B12391,05-02-2025,Chandgad,Wheat Flour 5kg,Staples,2,210,178.5,5,Cash,Returning,No,4
B12468,12-04-2025,Nesari,Paneer 200g,Dairy,7,95,84.55,6,Card,New,No,4
B10497,08-04-2025,Chandgad,Toothpaste,Personal Care,4,98,61.74,5,Cash,New,No,3
B10691,08-08-2025,Gadhinglaj,Biscuit Pack,Snacks,1,30,23.4,5,UPI,New,No,5
B10573,27-03-2025,Ajara,Biscuit Pack,Snacks,2,30,23.4,11,UPI,New,No,4
B11498,14-08-2025,Gadhinglaj,Cooking Oil 1L,Staples,5,145,133.4,15,Card,New,No,5
B12743,12-11-2025,Gadhinglaj,Cooking Oil 1L,Staples,6,145,133.4,25,UPI,Returning,No,5
B10630,25-12-2025,Ajara,Instant Coffee 50g,Beverages,3,195,150.15,6,UPI,New,No,3
B10209,07-12-2025,Nesari,Tur Dal 1kg,Staples,2,155,130.2,1,Cash,New,No,4
B12072,19-02-2025,Gadhinglaj,Bathing Soap,Personal Care,6,42,26.88,0,UPI,Returning,No,5
B11049,10-03-2025,Gadhinglaj,Curd 400g,Dairy,7,32,28.8,15,UPI,Returning,No,5
B10516,05-03-2025,Chandgad,Namkeen 200g,Snacks,8,55,41.8,15,UPI,Returning,No,5
B12806,20-12-2025,Gadhinglaj,Soft Drink 750ml,Beverages,6,45,35.55,5,Card,New,No,4
B11978,29-07-2025,Ajara,Broom,Household,3,95,66.5,21,Cash,Returning,No,2
B12004,04-09-2025,Chandgad,Butter 100g,Dairy,5,58,52.2,15,Card,Returning,No,5
B11816,27-12-2025,Nesari,Hair Oil 200ml,Personal Care,2,135,82.35,1,UPI,New,No,4
B10414,19-01-2025,Chandgad,Wheat Flour 5kg,Staples,6,210,178.5,5,UPI,Returning,No,4
B11205,03-08-2025,Ajara,Chocolate Bar,Snacks,6,45,33.3,16,UPI,Returning,No,4
B12439,08-05-2025,Chandgad,Dishwash Bar,Household,4,28,19.88,0,Cash,Returning,No,3
B11431,08-07-2025,Gadhinglaj,Curd 400g,Dairy,7,32,28.8,5,Card,Returning,No,5
B12997,23-04-2025,Gadhinglaj,Milk Pouch 500ml,Dairy,7,27,24.57,10,UPI,Returning,No,4
B11291,11-02-2025,Nesari,Biscuit Pack,Snacks,5,30,23.4,6,UPI,New,No,4
B10976,28-02-2025,Gadhinglaj,Milk Pouch 500ml,Dairy,6,27,24.57,15,UPI,New,No,5
B11332,02-07-2025,Gadhinglaj,Wafers 100g,Snacks,8,40,30.8,5,Cash,Returning,No,5
B12392,23-10-2025,Nesari,Face Cream,Personal Care,5,165,102.3,1,Card,Returning,No,1
B12518,23-02-2025,Gadhinglaj,Namkeen 200g,Snacks,8,55,41.8,0,UPI,Returning,No,5
B10278,11-03-2025,Gadhinglaj,Milk Pouch 500ml,Dairy,5,27,24.57,10,UPI,Returning,No,5
B11444,25-04-2025,Gadhinglaj,Biscuit Pack,Snacks,7,30,23.4,5,Cash,Returning,No,5
B12405,01-10-2025,Gadhinglaj,Namkeen 200g,Snacks,1,55,41.8,0,UPI,Returning,No,5
B10575,30-12-2025,Chandgad,Tea Powder 250g,Beverages,4,135,108.0,5,Cash,New,No,5
B10870,03-08-2025,Ajara,Cooking Oil 1L,Staples,2,145,133.4,26,UPI,Returning,No,4
B12916,27-05-2025,Chandgad,Biscuit Pack,Snacks,7,30,23.4,15,Cash,Returning,No,4
B10312,28-09-2025,Chandgad,Soft Drink 750ml,Beverages,7,45,35.55,15,UPI,New,No,4
B12451,09-01-2025,Gadhinglaj,Milk Pouch 500ml,Dairy,2,27,24.57,0,UPI,Returning,No,5
B12276,01-12-2025,Nesari,Butter 100g,Dairy,7,58,52.2,11,UPI,Returning,No,4
B11725,16-11-2025,Ajara,Curd 400g,Dairy,4,32,28.8,6,Card,Returning,No,3
B12917,05-05-2025,Nesari,Wheat Flour 5kg,Staples,1,210,178.5,6,Card,New,No,4
B10245,24-06-2025,Nesari,Rice 10kg,Staples,2,620,533.2,11,UPI,Returning,No,5
B12999,28-07-2025,Chandgad,Milk Pouch 500ml,Dairy,8,27,24.57,0,Cash,New,No,4
B11522,19-12-2025,Ajara,Cooking Oil 1L,Staples,3,145,133.4,21,Cash,Returning,No,2
B12327,23-08-2025,Ajara,Milk Pouch 500ml,Dairy,5,27,24.57,16,Cash,Returning,No,3
B10787,26-11-2025,Nesari,Wheat Flour 5kg,Staples,2,210,178.5,1,Cash,New,No,5
B11980,22-11-2025,Ajara,Biscuit Pack,Snacks,4,30,23.4,11,UPI,Returning,No,4
B11354,16-09-2025,Nesari,Phenyl 500ml,Household,6,72,51.84,1,Cash,Returning,No,5
B12274,07-11-2025,Ajara,Paneer 200g,Dairy,4,95,84.55,6,UPI,New,No,2
B12864,26-01-2025,Chandgad,Chocolate Bar,Snacks,3,45,33.3,10,Cash,Returning,No,3
B11545,29-11-2025,Gadhinglaj,Phenyl 500ml,Household,3,72,51.84,10,Cash,New,No,5
B10104,16-12-2025,Ajara,Bathing Soap,Personal Care,5,42,26.88,6,UPI,Returning,No,4
B10777,01-12-2025,Nesari,Tur Dal 1kg,Staples,4,155,130.2,6,Cash,New,No,4
B12633,16-04-2025,Chandgad,Tea Powder 250g,Beverages,3,135,108.0,0,Card,New,No,5
B10714,03-06-2025,Gadhinglaj,Tur Dal 1kg,Staples,2,155,130.2,10,UPI,Returning,No,5
B12980,24-03-2025,Ajara,Cooking Oil 1L,Staples,3,145,133.4,30,Cash,New,No,3
B12720,07-10-2025,Gadhinglaj,Cooking Oil 1L,Staples,6,145,133.4,10,UPI,Returning,No,5
B12421,16-11-2025,Gadhinglaj,Dishwash Bar,Household,2,28,19.88,0,Cash,Returning,No,5
B12143,07-07-2025,Chandgad,Biscuit Pack,Snacks,4,30,23.4,0,UPI,Returning,No,4
B10299,06-11-2025,Ajara,Instant Coffee 50g,Beverages,2,195,150.15,11,UPI,Returning,No,4
B11476,07-05-2025,Gadhinglaj,Butter 100g,Dairy,9,58,52.2,15,UPI,New,No,5
B10828,22-05-2025,Gadhinglaj,Cooking Oil 1L,Staples,6,145,133.4,20,Card,Returning,No,5
B12629,09-01-2025,Gadhinglaj,Milk Pouch 500ml,Dairy,10,27,24.57,0,Card,Returning,No,5
B11639,29-09-2025,Nesari,Paneer 200g,Dairy,3,95,84.55,6,UPI,Returning,No,5
B12766,12-05-2025,Nesari,Face Cream,Personal Care,4,165,102.3,1,Cash,New,Yes,2
B10349,19-02-2025,Gadhinglaj,Milk Pouch 500ml,Dairy,5,27,24.57,0,UPI,New,No,5
B10410,02-09-2025,Nesari,Chocolate Bar,Snacks,2,45,33.3,6,UPI,Returning,No,5
B12385,03-04-2025,Gadhinglaj,Shampoo Bottle,Personal Care,4,185,111.0,5,Card,Returning,No,5
B12620,13-10-2025,Nesari,Detergent Powder 1kg,Household,4,130,94.9,1,UPI,New,No,5
B10698,21-05-2025,Gadhinglaj,Tea Powder 250g,Beverages,5,135,108.0,10,UPI,New,No,5
B11096,16-04-2025,Gadhinglaj,Milk Pouch 500ml,Dairy,6,27,24.57,0,UPI,New,No,5
B12799,05-07-2025,Nesari,Tea Powder 250g,Beverages,3,135,108.0,6,Card,Returning,No,4
B12177,15-12-2025,Gadhinglaj,Cooking Oil 1L,Staples,3,145,133.4,20,UPI,Returning,No,5
B11296,25-08-2025,Chandgad,Toothpaste,Personal Care,1,98,61.74,0,Card,Returning,No,5
B10211,06-04-2025,Ajara,Dishwash Bar,Household,1,28,19.88,16,UPI,Returning,Yes,3
B10614,23-08-2025,Gadhinglaj,Tur Dal 1kg,Staples,4,155,130.2,10,Cash,Returning,No,5
B12113,28-03-2025,Gadhinglaj,Wheat Flour 5kg,Staples,1,210,178.5,15,Cash,New,No,5
B10673,03-11-2025,Chandgad,Shampoo Bottle,Personal Care,1,185,111.0,0,UPI,Returning,No,4
B10776,02-10-2025,Gadhinglaj,Sugar 1kg,Staples,3,46,40.48,5,UPI,Returning,No,4
B12595,27-01-2025,Gadhinglaj,Tea Powder 250g,Beverages,5,135,108.0,0,UPI,New,No,5
B10618,22-11-2025,Nesari,Tur Dal 1kg,Staples,2,155,130.2,1,Cash,New,No,5
B11206,10-01-2025,Gadhinglaj,Shampoo Bottle,Personal Care,3,185,111.0,0,UPI,Returning,No,4
B11123,20-09-2025,Gadhinglaj,Chocolate Bar,Snacks,11,45,33.3,0,UPI,Returning,No,5
B12811,28-02-2025,Gadhinglaj,Curd 400g,Dairy,6,32,28.8,5,UPI,Returning,No,5
B10706,15-02-2025,Chandgad,Butter 100g,Dairy,5,58,52.2,5,Cash,Returning,No,5
B12426,30-09-2025,Gadhinglaj,Milk Pouch 500ml,Dairy,7,27,24.57,15,UPI,Returning,No,5
B12357,26-11-2025,Gadhinglaj,Cooking Oil 1L,Staples,4,145,133.4,25,UPI,Returning,No,5
B12507,06-12-2025,Nesari,Curd 400g,Dairy,2,32,28.8,6,Card,New,No,5
B12524,24-07-2025,Gadhinglaj,Cooking Oil 1L,Staples,1,145,133.4,15,UPI,New,No,5
B12356,04-10-2025,Gadhinglaj,Phenyl 500ml,Household,6,72,51.84,0,Card,Returning,No,5
B11675,22-12-2025,Ajara,Cooking Oil 1L,Staples,3,145,133.4,16,Card,Returning,No,4
B12096,13-12-2025,Gadhinglaj,Milk Pouch 500ml,Dairy,1,27,24.57,0,Cash,New,No,5
B10652,24-08-2025,Nesari,Dishwash Bar,Household,2,28,19.88,11,UPI,Returning,No,5
B10695,26-04-2025,Nesari,Cooking Oil 1L,Staples,5,145,133.4,16,Card,New,No,5
B11170,05-10-2025,Ajara,Detergent Powder 1kg,Household,4,130,94.9,6,UPI,Returning,No,2
B12668,11-09-2025,Chandgad,Dishwash Bar,Household,7,28,19.88,10,UPI,Returning,No,4
B10977,12-10-2025,Ajara,Biscuit Pack,Snacks,1,30,23.4,11,Card,New,No,2
B11530,06-09-2025,Nesari,Wheat Flour 5kg,Staples,1,210,178.5,6,Card,New,No,5
B11597,31-05-2025,Chandgad,Milk Pouch 500ml,Dairy,8,27,24.57,15,Cash,New,No,5
B12363,27-09-2025,Chandgad,Sugar 1kg,Staples,4,46,40.48,0,Card,New,No,5
B12380,01-05-2025,Gadhinglaj,Bathing Soap,Personal Care,1,42,26.88,0,UPI,Returning,No,4
B10569,21-04-2025,Ajara,Biscuit Pack,Snacks,5,30,23.4,6,UPI,Returning,No,3
B11486,09-02-2025,Ajara,Phenyl 500ml,Household,6,72,51.84,6,Cash,New,No,4
B10867,13-02-2025,Gadhinglaj,Face Cream,Personal Care,3,165,102.3,0,Card,New,Yes,5
B12123,10-02-2025,Gadhinglaj,Milk Pouch 500ml,Dairy,1,27,24.57,5,Card,New,No,5
B11466,10-11-2025,Chandgad,Bathing Soap,Personal Care,7,42,26.88,0,Cash,New,No,5
B10156,27-06-2025,Gadhinglaj,Curd 400g,Dairy,9,32,28.8,5,Cash,New,No,5
B11432,05-09-2025,Nesari,Namkeen 200g,Snacks,4,55,41.8,1,UPI,New,No,5
B12445,09-08-2025,Gadhinglaj,Biscuit Pack,Snacks,4,30,23.4,0,UPI,Returning,No,5
B11040,30-09-2025,Gadhinglaj,Namkeen 200g,Snacks,8,55,41.8,5,UPI,Returning,No,5
B10740,11-08-2025,Ajara,Biscuit Pack,Snacks,4,30,23.4,6,Card,Returning,No,2
B11060,01-04-2025,Gadhinglaj,Cooking Oil 1L,Staples,3,145,133.4,25,UPI,Returning,No,4
B12630,17-06-2025,Ajara,Curd 400g,Dairy,6,32,28.8,6,UPI,Returning,No,
B10093,25-04-2025,Gadhinglaj,Wafers 100g,Snacks,9,40,30.8,5,UPI,Returning,No,5
B10307,24-10-2025,Chandgad,Sugar 1kg,Staples,7,46,40.48,5,Card,Returning,No,4
B12552,29-01-2025,Nesari,Tur Dal 1kg,Staples,2,155,130.2,11,Card,Returning,No,4
B12208,09-11-2025,Ajara,Wheat Flour 5kg,Staples,3,210,178.5,11,Cash,New,No,4
B11404,04-01-2025,Nesari,Cooking Oil 1L,Staples,1,145,133.4,26,Cash,New,No,4
B12325,01-01-2025,Chandgad,Bathing Soap,Personal Care,4,42,26.88,5,UPI,New,No,3
B10676,25-02-2025,Ajara,Tea Powder 250g,Beverages,1,135,108.0,11,Cash,Returning,No,4
B10875,04-10-2025,Gadhinglaj,Chocolate Bar,Snacks,11,45,33.3,5,UPI,Returning,No,5
B11786,13-06-2025,Gadhinglaj,Wheat Flour 5kg,Staples,2,210,178.5,5,UPI,New,No,4
B11889,31-01-2025,Gadhinglaj,Biscuit Pack,Snacks,5,30,23.4,0,UPI,New,No,5
B12369,03-04-2025,Gadhinglaj,Butter 100g,Dairy,7,58,52.2,10,Card,Returning,No,5
B10381,28-01-2025,Ajara,Tur Dal 1kg,Staples,2,155,130.2,6,UPI,Returning,No,3
B12135,04-09-2025,Gadhinglaj,Wafers 100g,Snacks,8,40,30.8,0,UPI,New,No,5
B12891,28-11-2025,Gadhinglaj,Butter 100g,Dairy,8,58,52.2,5,UPI,Returning,No,5
B10176,10-10-2025,Gadhinglaj,Shampoo Bottle,Personal Care,2,185,111.0,0,Cash,Returning,No,5
B11469,09-10-2025,Chandgad,Milk Pouch 500ml,Dairy,5,27,24.57,5,UPI,Returning,No,5
B10479,16-04-2025,Gadhinglaj,Milk Pouch 500ml,Dairy,7,27,24.57,15,Card,Returning,No,5
B12403,25-09-2025,Gadhinglaj,Cooking Oil 1L,Staples,6,145,133.4,20,UPI,Returning,No,5
B10415,18-07-2025,Chandgad,Biscuit Pack,Snacks,1,30,23.4,10,Cash,New,No,4
B10216,27-05-2025,Gadhinglaj,Dishwash Bar,Household,7,28,19.88,5,Card,New,No,5
B11505,04-01-2025,Gadhinglaj,Hair Oil 200ml,Personal Care,6,135,82.35,0,Cash,New,No,5
B11311,11-09-2025,Gadhinglaj,Curd 400g,Dairy,8,32,28.8,0,Cash,New,No,5
B10749,13-12-2025,Nesari,Namkeen 200g,Snacks,1,55,41.8,6,UPI,New,No,4
B12544,01-10-2025,Nesari,Milk Pouch 500ml,Dairy,7,27,24.57,1,Cash,Returning,No,5
B10836,14-08-2025,Gadhinglaj,Chocolate Bar,Snacks,10,45,33.3,15,Cash,Returning,No,5
B12737,28-11-2025,Chandgad,Broom,Household,2,95,66.5,10,Card,New,No,5
B11162,27-08-2025,Gadhinglaj,Phenyl 500ml,Household,5,72,51.84,10,UPI,New,No,5
B10816,04-09-2025,Gadhinglaj,Chocolate Bar,Snacks,6,45,33.3,15,UPI,New,No,5
B11284,06-07-2025,Nesari,Biscuit Pack,Snacks,3,30,23.4,1,Cash,New,No,3
B11225,21-08-2025,Gadhinglaj,Curd 400g,Dairy,1,32,28.8,5,UPI,Returning,No,5
B10367,05-11-2025,Gadhinglaj,Tur Dal 1kg,Staples,5,155,130.2,5,UPI,New,No,5
B12232,26-09-2025,Nesari,Broom,Household,3,95,66.5,6,Cash,Returning,No,4
B10166,12-09-2025,Chandgad,Paneer 200g,Dairy,3,95,84.55,15,Card,New,No,5
B11251,29-11-2025,Gadhinglaj,Curd 400g,Dairy,7,32,28.8,5,UPI,Returning,No,5
B11642,25-10-2025,Chandgad,Wafers 100g,Snacks,10,40,30.8,5,Cash,Returning,Yes,5
B11107,20-10-2025,Chandgad,Wafers 100g,Snacks,8,40,30.8,0,Card,New,No,5
B11402,28-11-2025,Gadhinglaj,Curd 400g,Dairy,6,32,28.8,15,UPI,Returning,No,5
B12660,01-09-2025,Ajara,Curd 400g,Dairy,1,32,28.8,11,UPI,Returning,No,2
B11846,23-09-2025,Chandgad,Biscuit Pack,Snacks,8,30,23.4,0,UPI,Returning,No,5
B11403,19-09-2025,Gadhinglaj,Tea Powder 250g,Beverages,2,135,108.0,0,Cash,New,No,5
B10151,18-03-2025,Ajara,Bathing Soap,Personal Care,1,42,26.88,6,Cash,Returning,No,3
B12692,31-03-2025,Gadhinglaj,Butter 100g,Dairy,1,58,52.2,15,UPI,New,No,4
B12779,14-08-2025,Gadhinglaj,Wheat Flour 5kg,Staples,2,210,178.5,10,UPI,New,No,5
B12751,16-12-2025,Gadhinglaj,Rice 10kg,Staples,2,620,533.2,15,UPI,Returning,No,5
B10509,05-11-2025,Ajara,Milk Pouch 500ml,Dairy,5,27,24.57,11,Cash,New,No,2
B10893,03-04-2025,Nesari,Toothpaste,Personal Care,1,98,61.74,1,Cash,Returning,No,4
B10899,19-03-2025,Gadhinglaj,Shampoo Bottle,Personal Care,3,185,111.0,0,UPI,Returning,No,5
B11335,21-10-2025,Gadhinglaj,Bathing Soap,Personal Care,8,42,26.88,0,UPI,Returning,No,5
B11704,29-09-2025,Nesari,Phenyl 500ml,Household,5,72,51.84,6,Cash,Returning,Yes,4
B12529,13-08-2025,Chandgad,Wheat Flour 5kg,Staples,5,210,178.5,15,Cash,Returning,No,5
B12541,13-02-2025,Gadhinglaj,Dishwash Bar,Household,3,28,19.88,10,UPI,New,No,5
B12233,04-10-2025,Chandgad,Tea Powder 250g,Beverages,5,135,108.0,10,UPI,New,No,5
B11758,14-09-2025,Chandgad,Soft Drink 750ml,Beverages,4,45,35.55,5,UPI,New,No,3
B12517,11-11-2025,Gadhinglaj,Dishwash Bar,Household,7,28,19.88,5,Cash,Returning,No,5
B12566,05-02-2025,Ajara,Butter 100g,Dairy,4,58,52.2,6,Cash,New,No,4
B12827,18-10-2025,Gadhinglaj,Paneer 200g,Dairy,2,95,84.55,0,Cash,Returning,No,5
B10646,15-04-2025,Chandgad,Chocolate Bar,Snacks,6,45,33.3,0,UPI,Returning,No,4
B10548,06-10-2025,Gadhinglaj,Dishwash Bar,Household,6,28,19.88,5,UPI,New,No,5
B10031,01-12-2025,Gadhinglaj,Namkeen 200g,Snacks,5,55,41.8,5,Card,New,No,5
B10421,07-05-2025,Ajara,Phenyl 500ml,Household,5,72,51.84,21,Cash,New,No,4
B11591,01-02-2025,Gadhinglaj,Milk Pouch 500ml,Dairy,6,27,24.57,0,Card,Returning,No,5
B11176,30-03-2025,Ajara,Broom,Household,2,95,66.5,6,UPI,New,Yes,2
B12284,19-11-2025,Ajara,Curd 400g,Dairy,6,32,28.8,6,Card,Returning,No,4
B11523,14-04-2025,Gadhinglaj,Bathing Soap,Personal Care,4,42,26.88,0,Cash,Returning,No,5
B10236,20-04-2025,Gadhinglaj,Cooking Oil 1L,Staples,6,145,133.4,20,UPI,New,No,5
B10953,17-05-2025,Chandgad,Hair Oil 200ml,Personal Care,1,135,82.35,0,Card,Returning,No,4
B10527,10-11-2025,Nesari,Chocolate Bar,Snacks,2,45,33.3,1,UPI,New,No,4
B10576,23-10-2025,Nesari,Chocolate Bar,Snacks,2,45,33.3,6,UPI,Returning,No,5
B12376,13-09-2025,Chandgad,Tea Powder 250g,Beverages,3,135,108.0,0,Card,Returning,No,4
B11792,01-10-2025,Gadhinglaj,Namkeen 200g,Snacks,9,55,41.8,0,UPI,Returning,No,4
B11380,22-02-2025,Chandgad,Bathing Soap,Personal Care,2,42,26.88,0,Card,Returning,No,5
B11573,17-12-2025,Gadhinglaj,Soft Drink 750ml,Beverages,2,45,35.55,15,Card,Returning,No,5
B12245,01-03-2025,Nesari,Detergent Powder 1kg,Household,3,130,94.9,11,Card,New,No,4
B10212,13-05-2025,Gadhinglaj,Sugar 1kg,Staples,1,46,40.48,5,UPI,Returning,No,5
B12802,21-11-2025,Nesari,Curd 400g,Dairy,5,32,28.8,6,Cash,New,No,4
B11778,07-01-2025,Chandgad,Wafers 100g,Snacks,8,40,30.8,5,Cash,Returning,No,3
B10001,27-11-2025,Chandgad,Tea Powder 250g,Beverages,1,135,108.0,0,Cash,Returning,No,5
B12548,28-10-2025,Nesari,Biscuit Pack,Snacks,1,30,23.4,1,Cash,Returning,No,3
B10879,03-05-2025,Chandgad,Chocolate Bar,Snacks,5,45,33.3,5,Cash,Returning,No,4
B11344,12-09-2025,Ajara,Cooking Oil 1L,Staples,1,145,133.4,26,UPI,Returning,No,2
B10379,30-05-2025,Nesari,Toothpaste,Personal Care,5,98,61.74,6,Cash,New,No,5
B11567,12-03-2025,Gadhinglaj,Toothpaste,Personal Care,2,98,61.74,0,Cash,New,Yes,5
B12324,15-05-2025,Nesari,Cooking Oil 1L,Staples,2,145,133.4,16,UPI,Returning,No,5
B11015,15-05-2025,Gadhinglaj,Rice 10kg,Staples,3,620,533.2,5,UPI,New,No,5
B10912,14-07-2025,Gadhinglaj,Milk Pouch 500ml,Dairy,9,27,24.57,5,UPI,Returning,No,5
B10288,08-08-2025,Ajara,Rice 10kg,Staples,2,620,533.2,16,UPI,Returning,No,3
B10384,30-10-2025,Gadhinglaj,Paneer 200g,Dairy,9,95,84.55,0,Cash,Returning,No,4
B10085,08-09-2025,Gadhinglaj,Milk Pouch 500ml,Dairy,9,27,24.57,5,Cash,Returning,No,5
B12522,01-10-2025,Nesari,Milk Pouch 500ml,Dairy,1,27,24.57,1,Card,Returning,No,5
B11477,27-10-2025,Nesari,Milk Pouch 500ml,Dairy,6,27,24.57,6,UPI,Returning,No,5
B11285,09-03-2025,Gadhinglaj,Tur Dal 1kg,Staples,4,155,130.2,15,Cash,New,No,5
B12280,14-08-2025,Nesari,Milk Pouch 500ml,Dairy,7,27,24.57,1,Cash,Returning,No,5
B12962,29-04-2025,Ajara,Curd 400g,Dairy,2,32,28.8,11,Cash,Returning,No,3
B12639,14-08-2025,Gadhinglaj,Detergent Powder 1kg,Household,4,130,94.9,10,UPI,Returning,No,5
B12795,12-08-2025,Gadhinglaj,Cooking Oil 1L,Staples,3,145,133.4,10,UPI,Returning,No,4
B11299,28-02-2025,Gadhinglaj,Bathing Soap,Personal Care,6,42,26.88,0,UPI,Returning,No,4
B10260,06-11-2025,Chandgad,Wafers 100g,Snacks,7,40,30.8,15,Cash,Returning,No,3
B12968,18-05-2025,Nesari,Soft Drink 750ml,Beverages,2,45,35.55,1,UPI,Returning,No,3
B11996,23-10-2025,Gadhinglaj,Butter 100g,Dairy,2,58,52.2,10,UPI,New,No,5
B11438,05-09-2025,Gadhinglaj,Biscuit Pack,Snacks,6,30,23.4,15,Cash,New,No,4
B12614,16-09-2025,Nesari,Rice 10kg,Staples,2,620,533.2,1,Cash,New,Yes,5
B10392,18-03-2025,Ajara,Dishwash Bar,Household,4,28,19.88,6,Cash,Returning,No,4
B10704,28-01-2025,Ajara,Tea Powder 250g,Beverages,2,135,108.0,21,Cash,Returning,No,4
B11199,06-11-2025,Gadhinglaj,Curd 400g,Dairy,3,32,28.8,0,UPI,Returning,No,4
B12841,28-05-2025,Nesari,Curd 400g,Dairy,8,32,28.8,1,Cash,Returning,No,4
B12825,21-11-2025,Gadhinglaj,Butter 100g,Dairy,3,58,52.2,0,Cash,Returning,No,5
B12532,19-11-2025,Gadhinglaj,Milk Pouch 500ml,Dairy,3,27,24.57,10,UPI,Returning,No,4
B12217,03-09-2025,Ajara,Toothpaste,Personal Care,2,98,61.74,11,UPI,Returning,No,4
B12911,01-05-2025,Chandgad,Paneer 200g,Dairy,8,95,84.55,5,UPI,New,No,4
B12306,01-06-2025,Chandgad,Wafers 100g,Snacks,7,40,30.8,5,Cash,Returning,No,5
B12616,25-02-2025,Ajara,Tea Powder 250g,Beverages,3,135,108.0,11,Card,New,No,4
B12164,20-01-2025,Ajara,Phenyl 500ml,Household,3,72,51.84,21,UPI,Returning,No,4
B10557,24-09-2025,Chandgad,Chocolate Bar,Snacks,6,45,33.3,5,Cash,Returning,No,4
B11571,10-04-2025,Chandgad,Broom,Household,5,95,66.5,0,Card,New,No,3
B11999,10-03-2025,Nesari,Dishwash Bar,Household,2,28,19.88,1,Cash,Returning,No,4
B10667,31-05-2025,Chandgad,Milk Pouch 500ml,Dairy,6,27,24.57,5,Cash,New,No,5
B12228,21-09-2025,Gadhinglaj,Milk Pouch 500ml,Dairy,6,27,24.57,0,Card,Returning,No,5
B11091,15-02-2025,Nesari,Face Cream,Personal Care,3,165,102.3,1,Card,Returning,No,3
B12117,15-11-2025,Chandgad,Wafers 100g,Snacks,4,40,30.8,0,UPI,Returning,No,4
B12406,17-05-2025,Nesari,Butter 100g,Dairy,2,58,52.2,11,Cash,New,No,5
B10041,07-05-2025,Nesari,Namkeen 200g,Snacks,5,55,41.8,1,Cash,New,No,4
B10073,24-03-2025,Gadhinglaj,Cooking Oil 1L,Staples,3,145,133.4,15,UPI,Returning,No,5
B12882,06-01-2025,Chandgad,Toothpaste,Personal Care,1,98,61.74,0,Cash,Returning,No,5
B12808,04-09-2025,Gadhinglaj,Milk Pouch 500ml,Dairy,2,27,24.57,0,UPI,Returning,No,5
B11375,07-06-2025,Gadhinglaj,Detergent Powder 1kg,Household,1,130,94.9,5,UPI,Returning,No,5
B10975,21-09-2025,Gadhinglaj,Biscuit Pack,Snacks,6,30,23.4,10,Cash,New,No,5
B10501,24-05-2025,Gadhinglaj,Biscuit Pack,Snacks,8,30,23.4,0,UPI,New,No,5
B11780,25-02-2025,Nesari,Milk Pouch 500ml,Dairy,3,27,24.57,1,Card,Returning,No,4
B10670,08-02-2025,Gadhinglaj,Chocolate Bar,Snacks,10,45,33.3,10,UPI,Returning,No,5
B12115,15-10-2025,Gadhinglaj,Rice 10kg,Staples,6,620,533.2,10,UPI,Returning,No,
B11116,01-01-2025,Ajara,Toothpaste,Personal Care,4,98,61.74,6,Cash,New,No,4
B12512,19-03-2025,Nesari,Cooking Oil 1L,Staples,4,145,133.4,16,Card,Returning,No,4
B10054,16-12-2025,Gadhinglaj,Butter 100g,Dairy,2,58,52.2,0,UPI,Returning,No,5
B12169,06-11-2025,Nesari,Soft Drink 750ml,Beverages,4,45,35.55,11,Card,New,No,4
B10187,31-01-2025,Nesari,Tea Powder 250g,Beverages,3,135,108.0,6,Card,Returning,No,4
B12444,09-04-2025,Nesari,Soft Drink 750ml,Beverages,3,45,35.55,6,Card,Returning,No,5
B10885,19-03-2025,Nesari,Sugar 1kg,Staples,2,46,40.48,6,Cash,New,No,4
B12835,08-09-2025,Gadhinglaj,Bathing Soap,Personal Care,9,42,26.88,0,Card,Returning,No,5
B10715,12-11-2025,Gadhinglaj,Biscuit Pack,Snacks,6,30,23.4,5,Cash,Returning,No,5
B11044,31-10-2025,Nesari,Dishwash Bar,Household,7,28,19.88,1,Cash,Returning,No,4
B12694,10-03-2025,Nesari,Sugar 1kg,Staples,6,46,40.48,11,UPI,Returning,No,5
B11743,30-08-2025,Ajara,Bathing Soap,Personal Care,3,42,26.88,6,Cash,Returning,No,4
B12178,05-08-2025,Chandgad,Milk Pouch 500ml,Dairy,4,27,24.57,0,Cash,Returning,No,5
B12174,14-05-2025,Ajara,Dishwash Bar,Household,2,28,19.88,16,Cash,New,No,3
B10525,25-10-2025,Gadhinglaj,Milk Pouch 500ml,Dairy,8,27,24.57,10,UPI,New,No,5
B11543,06-09-2025,Nesari,Face Cream,Personal Care,1,165,102.3,6,Cash,New,Yes,1
B11434,23-08-2025,Nesari,Curd 400g,Dairy,10,32,28.8,6,UPI,Returning,No,4
B10225,07-11-2025,Chandgad,Curd 400g,Dairy,2,32,28.8,5,UPI,New,No,4
B12049,14-12-2025,Nesari,Dishwash Bar,Household,7,28,19.88,1,Card,Returning,No,5
B12084,23-02-2025,Nesari,Detergent Powder 1kg,Household,4,130,94.9,11,UPI,Returning,No,5
B11337,08-01-2025,Gadhinglaj,Milk Pouch 500ml,Dairy,10,27,24.57,0,Cash,Returning,No,5
B10498,29-06-2025,Ajara,Biscuit Pack,Snacks,2,30,23.4,16,Cash,Returning,No,4
B12583,05-03-2025,Nesari,Butter 100g,Dairy,2,58,52.2,1,Cash,New,No,4
B10276,01-10-2025,Gadhinglaj,Bathing Soap,Personal Care,8,42,26.88,0,Card,Returning,No,4
B11057,09-11-2025,Nesari,Tea Powder 250g,Beverages,3,135,108.0,16,UPI,Returning,No,5
B10275,15-10-2025,Chandgad,Milk Pouch 500ml,Dairy,6,27,24.57,0,Cash,Returning,No,3
B11689,02-01-2025,Chandgad,Wafers 100g,Snacks,4,40,30.8,0,Card,Returning,No,5
B12003,06-05-2025,Chandgad,Shampoo Bottle,Personal Care,1,185,111.0,0,Cash,New,No,4
B11957,23-11-2025,Gadhinglaj,Detergent Powder 1kg,Household,6,130,94.9,5,Cash,Returning,No,5
B11181,27-01-2025,Ajara,Namkeen 200g,Snacks,6,55,41.8,11,UPI,New,No,4
B11901,09-03-2025,Chandgad,Curd 400g,Dairy,8,32,28.8,5,Cash,Returning,No,5
B12750,22-09-2025,Nesari,Instant Coffee 50g,Beverages,1,195,150.15,1,Cash,New,No,5
B11061,24-03-2025,Nesari,Wheat Flour 5kg,Staples,3,210,178.5,1,Cash,Returning,No,4
B10898,30-07-2025,Chandgad,Biscuit Pack,Snacks,5,30,23.4,0,Card,Returning,No,4
B12874,30-10-2025,Gadhinglaj,Milk Pouch 500ml,Dairy,3,27,24.57,0,UPI,New,No,5
B12237,22-08-2025,Ajara,Tur Dal 1kg,Staples,2,155,130.2,6,UPI,Returning,No,2
B11722,16-06-2025,Ajara,Bathing Soap,Personal Care,3,42,26.88,6,UPI,Returning,No,2
B12599,25-09-2025,Chandgad,Biscuit Pack,Snacks,5,30,23.4,0,Cash,New,No,3
B10199,15-09-2025,Gadhinglaj,Dishwash Bar,Household,10,28,19.88,0,UPI,Returning,No,5
B11962,02-02-2025,Nesari,Cooking Oil 1L,Staples,2,145,133.4,21,Cash,New,No,4
B11919,01-11-2025,Chandgad,Sugar 1kg,Staples,8,46,40.48,15,Card,Returning,No,5
B12235,03-09-2025,Ajara,Bathing Soap,Personal Care,3,42,26.88,6,UPI,New,No,2
B12326,27-11-2025,Chandgad,Detergent Powder 1kg,Household,3,130,94.9,15,Card,New,No,5
B11684,22-12-2025,Ajara,Wheat Flour 5kg,Staples,2,210,178.5,11,Card,Returning,No,4
B11430,21-01-2025,Nesari,Chocolate Bar,Snacks,7,45,33.3,1,UPI,Returning,No,5
B10050,15-07-2025,Chandgad,Cooking Oil 1L,Staples,4,145,133.4,25,Cash,Returning,No,5
B12396,14-11-2025,Ajara,Instant Coffee 50g,Beverages,3,195,150.15,6,Card,New,No,2
B11086,06-07-2025,Ajara,Curd 400g,Dairy,5,32,28.8,16,Cash,New,No,
B12443,20-10-2025,Gadhinglaj,Phenyl 500ml,Household,8,72,51.84,0,UPI,Returning,No,5
B12226,22-12-2025,Nesari,Soft Drink 750ml,Beverages,4,45,35.55,11,Cash,Returning,No,3
B11870,06-01-2025,Chandgad,Phenyl 500ml,Household,4,72,51.84,0,Cash,New,No,3
B10657,26-08-2025,Gadhinglaj,Biscuit Pack,Snacks,3,30,23.4,5,Cash,New,No,5
B12754,13-12-2025,Nesari,Milk Pouch 500ml,Dairy,5,27,24.57,11,UPI,New,No,4
B11067,30-10-2025,Chandgad,Milk Pouch 500ml,Dairy,1,27,24.57,5,Cash,Returning,No,5
B12438,20-05-2025,Gadhinglaj,Detergent Powder 1kg,Household,3,130,94.9,0,UPI,Returning,Yes,5
B10324,07-03-2025,Chandgad,Wheat Flour 5kg,Staples,3,210,178.5,0,UPI,Returning,Yes,4
B10784,21-05-2025,Gadhinglaj,Namkeen 200g,Snacks,7,55,41.8,5,UPI,Returning,No,5
B10949,13-05-2025,Nesari,Milk Pouch 500ml,Dairy,7,27,24.57,1,UPI,Returning,No,4
B10148,14-09-2025,Gadhinglaj,Chocolate Bar,Snacks,6,45,33.3,0,UPI,Returning,No,5
B10665,22-10-2025,Gadhinglaj,Milk Pouch 500ml,Dairy,8,27,24.57,15,Cash,New,No,5
B12679,15-05-2025,Gadhinglaj,Rice 10kg,Staples,5,620,533.2,15,Card,New,No,5
B10809,01-11-2025,Chandgad,Milk Pouch 500ml,Dairy,5,27,24.57,0,Card,New,No,4
B11391,10-03-2025,Ajara,Tea Powder 250g,Beverages,3,135,108.0,21,Card,Returning,No,4
B12986,28-04-2025,Ajara,Bathing Soap,Personal Care,4,42,26.88,6,UPI,Returning,No,4
B11621,01-11-2025,Chandgad,Biscuit Pack,Snacks,5,30,23.4,0,Cash,Returning,No,5
B11374,24-01-2025,Chandgad,Soft Drink 750ml,Beverages,2,45,35.55,0,Cash,New,No,4
B12550,19-11-2025,Chandgad,Cooking Oil 1L,Staples,3,145,133.4,10,Cash,Returning,No,4
B12713,18-05-2025,Gadhinglaj,Milk Pouch 500ml,Dairy,7,27,24.57,0,UPI,New,No,5
B12375,08-10-2025,Gadhinglaj,Sugar 1kg,Staples,9,46,40.48,5,UPI,Returning,No,5
B12446,20-07-2025,Gadhinglaj,Chocolate Bar,Snacks,3,45,33.3,15,Cash,New,No,5
B10274,29-07-2025,Chandgad,Dishwash Bar,Household,6,28,19.88,5,Cash,New,No,5
B10362,20-11-2025,Chandgad,Bathing Soap,Personal Care,4,42,26.88,5,Cash,Returning,No,4
B11211,28-11-2025,Chandgad,Tea Powder 250g,Beverages,3,135,108.0,0,Cash,New,No,5
B11306,03-03-2025,Gadhinglaj,Cooking Oil 1L,Staples,5,145,133.4,15,Card,New,No,5
B12537,27-09-2025,Chandgad,Butter 100g,Dairy,1,58,52.2,0,UPI,Returning,No,4
B11275,07-10-2025,Chandgad,Detergent Powder 1kg,Household,3,130,94.9,0,UPI,New,No,4
B11698,13-05-2025,Chandgad,Shampoo Bottle,Personal Care,1,185,111.0,0,Card,New,No,4
B12963,08-04-2025,Gadhinglaj,Dishwash Bar,Household,2,28,19.88,15,Cash,Returning,No,5
B11385,15-08-2025,Gadhinglaj,Hair Oil 200ml,Personal Care,6,135,82.35,0,Cash,Returning,No,5
B11100,01-08-2025,Chandgad,Cooking Oil 1L,Staples,4,145,133.4,15,Card,Returning,Yes,4
B11537,24-09-2025,Nesari,Phenyl 500ml,Household,5,72,51.84,11,Card,New,No,4
B12293,18-04-2025,Chandgad,Detergent Powder 1kg,Household,3,130,94.9,0,Card,New,No,5
B11775,15-04-2025,Chandgad,Detergent Powder 1kg,Household,5,130,94.9,0,Cash,Returning,No,5
B12778,18-01-2025,Gadhinglaj,Paneer 200g,Dairy,4,95,84.55,0,UPI,New,No,5
B11814,04-10-2025,Gadhinglaj,Rice 10kg,Staples,2,620,533.2,10,UPI,Returning,No,5
B12310,12-02-2025,Gadhinglaj,Biscuit Pack,Snacks,5,30,23.4,0,Card,New,No,5
B10015,17-03-2025,Gadhinglaj,Cooking Oil 1L,Staples,1,145,133.4,10,Card,Returning,No,5
B11111,29-06-2025,Gadhinglaj,Tea Powder 250g,Beverages,6,135,108.0,10,UPI,New,No,5
B11954,13-05-2025,Nesari,Namkeen 200g,Snacks,5,55,41.8,11,Card,New,No,4
B11953,17-05-2025,Gadhinglaj,Biscuit Pack,Snacks,7,30,23.4,0,UPI,Returning,No,4
B10098,08-02-2025,Gadhinglaj,Wheat Flour 5kg,Staples,7,210,178.5,5,Card,Returning,No,4
B10354,27-10-2025,Chandgad,Namkeen 200g,Snacks,4,55,41.8,0,UPI,Returning,No,4
B10325,18-10-2025,Gadhinglaj,Milk Pouch 500ml,Dairy,4,27,24.57,5,UPI,New,No,4
B12758,16-11-2025,Chandgad,Namkeen 200g,Snacks,4,55,41.8,5,Cash,Returning,No,3
B11745,30-01-2025,Chandgad,Tea Powder 250g,Beverages,2,135,108.0,5,UPI,New,No,4
B11795,17-03-2025,Ajara,Hair Oil 200ml,Personal Care,2,135,82.35,6,Cash,Returning,No,3
B12540,25-08-2025,Gadhinglaj,Tea Powder 250g,Beverages,3,135,108.0,0,UPI,New,Yes,5
B12311,23-09-2025,Nesari,Wafers 100g,Snacks,8,40,30.8,6,UPI,Returning,No,5
B11325,18-05-2025,Chandgad,Paneer 200g,Dairy,6,95,84.55,0,Cash,New,No,5
B12536,10-11-2025,Gadhinglaj,Tea Powder 250g,Beverages,2,135,108.0,0,UPI,Returning,No,5
B10750,23-09-2025,Gadhinglaj,Detergent Powder 1kg,Household,1,130,94.9,5,UPI,Returning,No,5
B11440,28-11-2025,Chandgad,Namkeen 200g,Snacks,8,55,41.8,0,Cash,Returning,No,4
